PlayerLink,Team,League,Year,Split,Games
0909,EDward Gaming,Tencent LoL Pro League,2024,Spring,5
0909,Oh My God,Tencent LoL Pro League,2022,Summer,3
1ntruder,LGD Gaming,Tencent LoL Pro League,2016,Summer,12
1ntruder,LGD Gaming,Tencent LoL Pro League,2018,Spring,18
1xn,ThunderTalk Gaming,Tencent LoL Pro League,2023,Summer,35
1xn,ThunderTalk Gaming,Tencent LoL Pro League,2024,Spring,37
1xn,ThunderTalk Gaming,Tencent LoL Pro League,2024,Summer,15
1xn,ThunderTalk Gaming,Tencent LoL Pro League,2024,Summer Placements,14
369,JD Gaming,Tencent LoL Pro League,2022,Spring,38
369,JD Gaming,Tencent LoL Pro League,2022,Summer,42
369,JD Gaming,Tencent LoL Pro League,2023,Spring,36
369,JD Gaming,Tencent LoL Pro League,2023,Summer,36
369,Top Esports,Tencent LoL Pro League,2019,Summer,31
369,Top Esports,Tencent LoL Pro League,2020,Spring,37
369,Top Esports,Tencent LoL Pro League,2020,Summer,37
369,Top Esports,Tencent LoL Pro League,2021,Spring,35
369,Top Esports,Tencent LoL Pro League,2021,Summer,10
369,Top Esports,Tencent LoL Pro League,2024,Spring,37
369,Top Esports,Tencent LoL Pro League,2024,Summer,17
369,Top Esports,Tencent LoL Pro League,2024,Summer Placements,13
369,Topsports Gaming,Tencent LoL Pro League,2019,Spring,33
5kid,KT Rolster,LoL Champions Korea,2021,Summer,15
694,Team WE,Tencent LoL Pro League,2018,Summer,13
705,JD Gaming,Tencent LoL Pro League,2020,Spring,20
705,Royal Never Give Up,Tencent LoL Pro League,2020,Summer,1
8917,Rogue Warriors,Tencent LoL Pro League,2021,Summer,15
957,Team WE,Tencent LoL Pro League,2016,Spring,39
957,Team WE,Tencent LoL Pro League,2016,Summer,42
957,Team WE,Tencent LoL Pro League,2017,Spring,37
957,Team WE,Tencent LoL Pro League,2017,Summer,40
957,Team WE,Tencent LoL Pro League,2018,Spring,49
957,Team WE,Tencent LoL Pro League,2018,Summer,48
957,Team WE,Tencent LoL Pro League,2019,Summer,1
Able,Oh My God,Tencent LoL Pro League,2021,Summer,37
Able,Oh My God,Tencent LoL Pro League,2022,Spring,41
Able,Oh My God,Tencent LoL Pro League,2022,Summer,43
Able,Oh My God,Tencent LoL Pro League,2023,Spring,42
Able,Oh My God,Tencent LoL Pro League,2023,Summer,40
Able,Oh My God,Tencent LoL Pro League,2024,Spring,30
Able,Royal Never Give Up,Tencent LoL Pro League,2018,Spring,10
Able,Royal Never Give Up,Tencent LoL Pro League,2018,Summer,11
Able,Team WE,Tencent LoL Pro League,2024,Summer,15
Able,Team WE,Tencent LoL Pro League,2024,Summer Placements,3
Acorn,LGD Gaming,Tencent LoL Pro League,2015,Spring,28
Acorn,LGD Gaming,Tencent LoL Pro League,2015,Summer,27
Acorn,LGD Gaming,Tencent LoL Pro League,2016,Spring,1
Acorn,Saint Gaming,Tencent LoL Pro League,2016,Summer,39
ADD,Bilibili Gaming,Tencent LoL Pro League,2019,Spring,37
ADD,Bilibili Gaming,Tencent LoL Pro League,2019,Summer,35
ADD,Bilibili Gaming,Tencent LoL Pro League,2020,Spring,8
ADD,Bilibili Gaming,Tencent LoL Pro League,2020,Summer,8
ADD,MVP,LoL Champions Korea,2016,Summer,41
ADD,MVP,LoL Champions Korea,2017,Spring,45
ADD,MVP,LoL Champions Korea,2017,Summer,42
ADD,MVP,LoL Champions Korea,2018,Spring,40
ADD,MVP,LoL Champions Korea,2018,Summer,36
Again,Royal Never Give Up,Tencent LoL Pro League,2017,Spring,5
Ahn,Invictus Gaming,Tencent LoL Pro League,2022,Spring,2
Ahn,Invictus Gaming,Tencent LoL Pro League,2024,Spring,4
Ahn (An Shan-Ye),Invictus Gaming,Tencent LoL Pro League,2022,Spring,10
Ahn (An Shan-Ye),Invictus Gaming,Tencent LoL Pro League,2022,Summer,29
Ahn (An Shan-Ye),Invictus Gaming,Tencent LoL Pro League,2023,Spring,36
Ahn (An Shan-Ye),Invictus Gaming,Tencent LoL Pro League,2023,Summer,34
Ahn (An Shan-Ye),Invictus Gaming,Tencent LoL Pro League,2024,Spring,32
Ahn (An Shan-Ye),Invictus Gaming,Tencent LoL Pro League,2024,Summer,16
Ahn (An Shan-Ye),Invictus Gaming,Tencent LoL Pro League,2024,Summer Placements,19
Aiming,Afreeca Freecs,LoL Champions Korea,2018,Spring,7
Aiming,Afreeca Freecs,LoL Champions Korea,2018,Summer,35
Aiming,Afreeca Freecs,LoL Champions Korea,2019,Spring,29
Aiming,Afreeca Freecs,LoL Champions Korea,2019,Summer,46
Aiming,Bilibili Gaming,Tencent LoL Pro League,2021,Spring,38
Aiming,Bilibili Gaming,Tencent LoL Pro League,2021,Summer,41
Aiming,Dplus Kia,LoL Champions Korea,2024,Spring,42
Aiming,Dplus Kia,LoL Champions Korea,2024,Summer,45
Aiming,KT Rolster,LoL Champions Korea,2020,Spring,46
Aiming,KT Rolster,LoL Champions Korea,2020,Summer,43
Aiming,KT Rolster,LoL Champions Korea,2022,Spring,43
Aiming,KT Rolster,LoL Champions Korea,2022,Summer,45
Aiming,KT Rolster,LoL Champions Korea,2023,Spring,43
Aiming,KT Rolster,LoL Champions Korea,2023,Summer,40
Aitong,Dominus Esports,Tencent LoL Pro League,2019,Summer,10
Aix,Rare Atom,Tencent LoL Pro League,2021,Spring,4
Aix,Vici Gaming,Tencent LoL Pro League,2019,Spring,40
Aix,Vici Gaming,Tencent LoL Pro League,2019,Summer,23
Aix,Vici Gaming,Tencent LoL Pro League,2020,Spring,31
Aix,Vici Gaming,Tencent LoL Pro League,2020,Summer,19
Aki (Mao An),Ninjas in Pyjamas.CN,Tencent LoL Pro League,2024,Spring,36
Aki (Mao An),Ninjas in Pyjamas.CN,Tencent LoL Pro League,2024,Summer,16
Aki (Mao An),Ninjas in Pyjamas.CN,Tencent LoL Pro League,2024,Summer Placements,19
Aki (Mao An),Oh My God,Tencent LoL Pro League,2021,Spring,39
Aki (Mao An),Oh My God,Tencent LoL Pro League,2021,Summer,37
Aki (Mao An),Oh My God,Tencent LoL Pro League,2022,Spring,41
Aki (Mao An),Oh My God,Tencent LoL Pro League,2022,Summer,43
Aki (Mao An),Oh My God,Tencent LoL Pro League,2023,Spring,42
Aki (Mao An),Oh My God,Tencent LoL Pro League,2023,Summer,40
AKi (Mao An),Top Esports,Tencent LoL Pro League,2019,Summer,6
Ale,Anyone's Legend,Tencent LoL Pro League,2024,Summer,19
Ale,Anyone's Legend,Tencent LoL Pro League,2024,Summer Placements,18
Ale,EDward Gaming,Tencent LoL Pro League,2023,Spring,39
Ale,EDward Gaming,Tencent LoL Pro League,2023,Summer,41
Ale,EDward Gaming,Tencent LoL Pro League,2024,Spring,30
Ale,LNG Esports,Tencent LoL Pro League,2021,Spring,7
Ale,LNG Esports,Tencent LoL Pro League,2021,Summer,43
Ale,LNG Esports,Tencent LoL Pro League,2022,Spring,42
Ale,LNG Esports,Tencent LoL Pro League,2022,Summer,27
Ale,Oh My God,Tencent LoL Pro League,2019,Spring,27
Alex (Chen Yu-Ming),FunPlus Phoenix,Tencent LoL Pro League,2018,Summer,33
Ali (Liu Xu-Dong),QG Reapers,Tencent LoL Pro League,2017,Spring,20
Alielie,Oh My God,Tencent LoL Pro League,2021,Spring,6
Aliez (Huang Hao),Oh My God,Tencent LoL Pro League,2020,Summer,1
Aliez (Huang Hao),Ultra Prime,Tencent LoL Pro League,2022,Spring,17
Aliez (Huang Hao),Victory Five,Tencent LoL Pro League,2019,Summer,7
Aliez (Huang Hao),Victory Five,Tencent LoL Pro League,2020,Spring,28
Aliez (Huang Hao),Victory Five,Tencent LoL Pro League,2021,Summer,22
ALL IN,Afreeca Freecs,LoL Champions Korea,2020,Spring,13
Alone (Wang Zi-Jun),QG Reapers,Tencent LoL Pro League,2017,Spring,28
Aluka,Team WE,Tencent LoL Pro League,2015,Spring,44
Aluka,Team WE,Tencent LoL Pro League,2015,Summer,44
Amazing (Liu Shi-Yu),Oh My God,Tencent LoL Pro League,2015,Summer,42
AmazingJ,Bilibili Gaming,Tencent LoL Pro League,2018,Spring,43
AmazingJ,Bilibili Gaming,Tencent LoL Pro League,2018,Summer,48
AmazingJ,EDward Gaming,Tencent LoL Pro League,2015,Summer,14
AmazingJ,Energy Pacemaker,Tencent LoL Pro League,2015,Spring,44
AmazingJ,I May,Tencent LoL Pro League,2016,Summer,37
AmazingJ,I May,Tencent LoL Pro League,2017,Spring,39
AmazingJ,I May,Tencent LoL Pro League,2017,Summer,38
AmazingJ,Royal Never Give Up,Tencent LoL Pro League,2019,Spring,26
Ambition,Gen.G,LoL Champions Korea,2018,Summer,26
Ambition,KSV eSports,LoL Champions Korea,2018,Spring,27
Ambition,Samsung Galaxy,LoL Champions Korea,2016,Spring,44
Ambition,Samsung Galaxy,LoL Champions Korea,2016,Summer,40
Ambition,Samsung Galaxy,LoL Champions Korea,2017,Spring,12
Ambition,Samsung Galaxy,LoL Champions Korea,2017,Summer,37
Andil,Kwangdong Freecs,LoL Champions Korea,2023,Summer,20
Andil,Kwangdong Freecs,LoL Champions Korea,2024,Spring,36
Andil,Kwangdong Freecs,LoL Champions Korea,2024,Summer,40
Andy (Zhang Jie),Snake Esports,Tencent LoL Pro League,2019,Spring,4
Angel (Xiang Tao),Ninjas in Pyjamas.CN,Tencent LoL Pro League,2023,Summer,36
Angel (Xiang Tao),Oh My God,Tencent LoL Pro League,2024,Spring,34
Angel (Xiang Tao),Oh My God,Tencent LoL Pro League,2024,Summer,17
Angel (Xiang Tao),Oh My God,Tencent LoL Pro League,2024,Summer Placements,11
Angel (Xiang Tao),Royal Never Give Up,Tencent LoL Pro League,2023,Spring,28
Angel (Xiang Tao),Suning,Tencent LoL Pro League,2018,Summer,32
Angel (Xiang Tao),Suning,Tencent LoL Pro League,2019,Spring,8
Angel (Xiang Tao),Suning,Tencent LoL Pro League,2019,Summer,17
Angel (Xiang Tao),Suning,Tencent LoL Pro League,2020,Spring,41
Angel (Xiang Tao),Suning,Tencent LoL Pro League,2020,Summer,42
Angel (Xiang Tao),Suning,Tencent LoL Pro League,2021,Spring,33
Angel (Xiang Tao),Suning,Tencent LoL Pro League,2021,Summer,42
Angel (Xiang Tao),Weibo Gaming,Tencent LoL Pro League,2022,Spring,39
Angel (Xiang Tao),Weibo Gaming,Tencent LoL Pro League,2022,Summer,41
Ao,Team King,Tencent LoL Pro League,2015,Summer,2
Aodi,EDward Gaming,Tencent LoL Pro League,2020,Spring,20
Aodi,EDward Gaming,Tencent LoL Pro League,2020,Summer,20
Aodi,Vici Gaming,Tencent LoL Pro League,2018,Summer,41
Aodi,Victory Five,Tencent LoL Pro League,2021,Spring,6
Aria (Lee Ga-eul),KT Rolster,LoL Champions Korea,2022,Spring,29
Aria (Lee Ga-eul),KT Rolster,LoL Champions Korea,2022,Summer,9
Aries (Lee Chae-hwan),bbq Olivers,LoL Champions Korea,2018,Summer,4
Aries (Lee Chae-hwan),DAMWON Gaming,LoL Champions Korea,2019,Spring,1
Aris,LGD Gaming,Tencent LoL Pro League,2019,Spring,4
Arrow,KT Rolster,LoL Champions Korea,2016,Spring,43
Arrow,KT Rolster,LoL Champions Korea,2016,Summer,44
Arthur (Park Mi-reu),Hanwha Life Esports,LoL Champions Korea,2021,Spring,27
Arthur (Park Mi-reu),Hanwha Life Esports,LoL Champions Korea,2021,Summer,16
As6,Victory Five,Tencent LoL Pro League,2020,Spring,9
Asper,Hanwha Life Esports,LoL Champions Korea,2018,Summer,1
Assassin,Team King,Tencent LoL Pro League,2015,Spring,44
Assum,LGD Gaming,Tencent LoL Pro League,2022,Summer,39
Assum,Rare Atom,Tencent LoL Pro League,2023,Spring,40
Assum,Rare Atom,Tencent LoL Pro League,2023,Summer,37
Assum,Rare Atom,Tencent LoL Pro League,2024,Spring,38
Assum,Rare Atom,Tencent LoL Pro League,2024,Summer,16
Assum,Rare Atom,Tencent LoL Pro League,2024,Summer Placements,14
Asura (Lu Qi),LNG Esports,Tencent LoL Pro League,2019,Summer,36
Asura (Lu Qi),LNG Esports,Tencent LoL Pro League,2020,Spring,26
Asura (Lu Qi),Snake Esports,Tencent LoL Pro League,2019,Spring,38
Athena,Bilibili Gaming,Tencent LoL Pro League,2018,Spring,31
Athena,Bilibili Gaming,Tencent LoL Pro League,2018,Summer,11
Athena,EDward Gaming,Tencent LoL Pro League,2016,Spring,10
Athena,I May,Tencent LoL Pro League,2016,Summer,20
Athena,I May,Tencent LoL Pro League,2017,Spring,39
Athena,I May,Tencent LoL Pro League,2017,Summer,38
Audi,EDward Gaming,Tencent LoL Pro League,2017,Summer,5
Avoidless,I May,Tencent LoL Pro League,2016,Summer,28
Avoidless,Suning,Tencent LoL Pro League,2017,Summer,9
BaBi9,Suning,Tencent LoL Pro League,2019,Spring,1
badeMan,LGD Gaming,Tencent LoL Pro League,2019,Summer,17
BaeMe,EDward Gaming,Tencent LoL Pro League,2015,Summer,17
BaeMe,I May,Tencent LoL Pro League,2016,Summer,17
BAKA (Lu Fan),Snake Esports,Tencent LoL Pro League,2015,Spring,44
Banana (Guo Yu-Tong),LGD Gaming,Tencent LoL Pro League,2017,Summer,10
Bananafish,Suning,Tencent LoL Pro League,2017,Summer,4
Bang,Afreeca Freecs,LoL Champions Korea,2021,Spring,42
Bang,SK Telecom T1,LoL Champions Korea,2016,Spring,41
Bang,SK Telecom T1,LoL Champions Korea,2016,Summer,41
Bang,SK Telecom T1,LoL Champions Korea,2017,Spring,42
Bang,SK Telecom T1,LoL Champions Korea,2017,Summer,41
Bang,SK Telecom T1,LoL Champions Korea,2018,Spring,46
Bang,SK Telecom T1,LoL Champions Korea,2018,Summer,41
BAO (Jeong Hyeon-woo),DRX,LoL Champions Korea,2021,Spring,47
BAO (Jeong Hyeon-woo),DRX,LoL Champions Korea,2021,Summer,19
Baolan,Invictus Gaming,Tencent LoL Pro League,2016,Summer,13
Baolan,Invictus Gaming,Tencent LoL Pro League,2018,Spring,42
Baolan,Invictus Gaming,Tencent LoL Pro League,2018,Summer,48
Baolan,Invictus Gaming,Tencent LoL Pro League,2019,Spring,35
Baolan,Invictus Gaming,Tencent LoL Pro League,2019,Summer,33
Baolan,Invictus Gaming,Tencent LoL Pro League,2020,Summer,16
Baolan,Invictus Gaming,Tencent LoL Pro League,2021,Spring,13
Baolan,Invictus Gaming,Tencent LoL Pro League,2021,Summer,4
Baolan,Rare Atom,Tencent LoL Pro League,2023,Summer,9
Baolan,Ultra Prime,Tencent LoL Pro League,2023,Spring,37
Barrett,JD Gaming,Tencent LoL Pro League,2017,Summer,8
Baut,Hanwha Life Esports,LoL Champions Korea,2022,Spring,5
Bay,Nongshim RedForce,LoL Champions Korea,2021,Spring,42
Baybay,Royal Never Give Up,Tencent LoL Pro League,2017,Spring,4
BBD,EDward Gaming,Tencent LoL Pro League,2020,Summer,5
Bdd,CJ Entus,LoL Champions Korea,2016,Spring,22
Bdd,CJ Entus,LoL Champions Korea,2016,Summer,27
Bdd,Gen.G,LoL Champions Korea,2020,Spring,44
Bdd,Gen.G,LoL Champions Korea,2020,Summer,43
Bdd,Gen.G,LoL Champions Korea,2021,Spring,41
Bdd,Gen.G,LoL Champions Korea,2021,Summer,46
Bdd,Kingzone DragonX,LoL Champions Korea,2018,Spring,40
Bdd,Kingzone DragonX,LoL Champions Korea,2018,Summer,43
Bdd,KT Rolster,LoL Champions Korea,2019,Spring,42
Bdd,KT Rolster,LoL Champions Korea,2019,Summer,44
Bdd,KT Rolster,LoL Champions Korea,2023,Spring,43
Bdd,KT Rolster,LoL Champions Korea,2023,Summer,40
Bdd,KT Rolster,LoL Champions Korea,2024,Spring,44
Bdd,KT Rolster,LoL Champions Korea,2024,Summer,44
Bdd,Longzhu Gaming,LoL Champions Korea,2017,Summer,44
Bdd,Nongshim RedForce,LoL Champions Korea,2022,Spring,40
Bdd,Nongshim RedForce,LoL Champions Korea,2022,Summer,42
Beast (Kim Joo-hyun),Snake Esports,Tencent LoL Pro League,2015,Spring,44
Beast (Kim Joo-hyun),Snake Esports,Tencent LoL Pro League,2015,Summer,28
Becca (Son Min-woo),DRX,LoL Champions Korea,2021,Spring,47
Becca (Son Min-woo),DRX,LoL Champions Korea,2021,Summer,19
Bei,Oh My God,Tencent LoL Pro League,2016,Spring,1
bei,Oh My God,Tencent LoL Pro League,2016,Summer,3
Beichuan,FunPlus Phoenix,Tencent LoL Pro League,2021,Spring,14
Beichuan,FunPlus Phoenix,Tencent LoL Pro League,2022,Spring,12
Beichuan,ThunderTalk Gaming,Tencent LoL Pro League,2022,Summer,41
Beichuan,ThunderTalk Gaming,Tencent LoL Pro League,2023,Spring,36
Beichuan,ThunderTalk Gaming,Tencent LoL Pro League,2023,Summer,36
Beichuan,ThunderTalk Gaming,Tencent LoL Pro League,2024,Spring,37
Beichuan,ThunderTalk Gaming,Tencent LoL Pro League,2024,Summer,15
Beichuan,ThunderTalk Gaming,Tencent LoL Pro League,2024,Summer Placements,14
beishang,Invictus Gaming,Tencent LoL Pro League,2023,Summer,7
beishang,Team WE,Tencent LoL Pro League,2019,Spring,26
beishang,Team WE,Tencent LoL Pro League,2019,Summer,37
beishang,Team WE,Tencent LoL Pro League,2020,Spring,41
beishang,Team WE,Tencent LoL Pro League,2020,Summer,43
beishang,Team WE,Tencent LoL Pro League,2021,Spring,36
beishang,Team WE,Tencent LoL Pro League,2021,Summer,40
beishang,Team WE,Tencent LoL Pro League,2022,Spring,25
beishang,Team WE,Tencent LoL Pro League,2022,Summer,22
Ben,Afreeca Freecs,LoL Champions Korea,2020,Spring,2
Ben,Afreeca Freecs,LoL Champions Korea,2020,Summer,39
Ben,Invictus Gaming,Tencent LoL Pro League,2016,Summer,4
Ben,Team WE,Tencent LoL Pro League,2017,Spring,32
Ben,Team WE,Tencent LoL Pro League,2017,Summer,37
Ben,Team WE,Tencent LoL Pro League,2018,Spring,17
Ben,Team WE,Tencent LoL Pro League,2018,Summer,11
Ben,Top Esports,Tencent LoL Pro League,2019,Summer,29
Ben,Topsports Gaming,Tencent LoL Pro League,2019,Spring,33
Ben4,I May,Tencent LoL Pro League,2017,Spring,26
Ben4,I May,Tencent LoL Pro League,2017,Summer,4
Ben4,Victory Five,Tencent LoL Pro League,2019,Spring,23
Ben4,Victory Five,Tencent LoL Pro League,2019,Summer,35
Bengi,SK Telecom T1,LoL Champions Korea,2016,Spring,17
Bengi,SK Telecom T1,LoL Champions Korea,2016,Summer,14
Bengi,Vici Gaming,Tencent LoL Pro League,2017,Spring,35
BeryL,DAMWON Gaming,LoL Champions Korea,2019,Spring,13
BeryL,DAMWON Gaming,LoL Champions Korea,2019,Summer,43
BeryL,DAMWON Gaming,LoL Champions Korea,2020,Spring,30
BeryL,DAMWON Gaming,LoL Champions Korea,2020,Summer,39
BeryL,DRX,LoL Champions Korea,2022,Spring,40
BeryL,DRX,LoL Champions Korea,2022,Summer,45
BeryL,DRX,LoL Champions Korea,2023,Spring,44
BeryL,DRX,LoL Champions Korea,2023,Summer,43
BeryL,DWG KIA,LoL Champions Korea,2021,Spring,43
BeryL,DWG KIA,LoL Champions Korea,2021,Summer,43
BeryL,KT Rolster,LoL Champions Korea,2024,Spring,44
BeryL,KT Rolster,LoL Champions Korea,2024,Summer,44
Betty,Anyone's Legend,Tencent LoL Pro League,2022,Spring,40
Betty,Anyone's Legend,Tencent LoL Pro League,2022,Summer,37
Betty,Anyone's Legend,Tencent LoL Pro League,2023,Spring,41
Betty,Rogue Warriors,Tencent LoL Pro League,2021,Spring,17
Betty,Rogue Warriors,Tencent LoL Pro League,2021,Summer,30
Betty,Royal Never Give Up,Tencent LoL Pro League,2020,Spring,38
Betty,Royal Never Give Up,Tencent LoL Pro League,2020,Summer,18
Beyond (Kim Kyu-seok),MVP,LoL Champions Korea,2016,Summer,41
Beyond (Kim Kyu-seok),MVP,LoL Champions Korea,2017,Spring,45
Beyond (Kim Kyu-seok),MVP,LoL Champions Korea,2017,Summer,42
Beyond (Kim Kyu-seok),MVP,LoL Champions Korea,2018,Spring,40
Beyond (Kim Kyu-seok),Team Dynamics,LoL Champions Korea,2020,Summer,44
Bible,Dplus Kia,LoL Champions Korea,2023,Summer,13
Bible,DWG KIA,LoL Champions Korea,2022,Summer,5
Bin (Chen Ze-Bin),Bilibili Gaming,Tencent LoL Pro League,2022,Summer,42
Bin (Chen Ze-Bin),Bilibili Gaming,Tencent LoL Pro League,2023,Spring,42
Bin (Chen Ze-Bin),Bilibili Gaming,Tencent LoL Pro League,2023,Summer,37
Bin (Chen Ze-Bin),Bilibili Gaming,Tencent LoL Pro League,2024,Spring,35
Bin (Chen Ze-Bin),Bilibili Gaming,Tencent LoL Pro League,2024,Summer,22
Bin (Chen Ze-Bin),Bilibili Gaming,Tencent LoL Pro League,2024,Summer Placements,14
Bin (Chen Ze-Bin),Royal Never Give Up,Tencent LoL Pro League,2022,Spring,39
Bin (Chen Ze-Bin),Suning,Tencent LoL Pro League,2020,Spring,19
Bin (Chen Ze-Bin),Suning,Tencent LoL Pro League,2020,Summer,42
Bin (Chen Ze-Bin),Suning,Tencent LoL Pro League,2021,Spring,33
Bin (Chen Ze-Bin),Suning,Tencent LoL Pro League,2021,Summer,42
bing (Feng Jin-Wei),FunPlus Phoenix,Tencent LoL Pro League,2018,Spring,31
Biubiu,Bilibili Gaming,Tencent LoL Pro League,2021,Spring,38
Biubiu,Bilibili Gaming,Tencent LoL Pro League,2021,Summer,41
Biubiu,Suning,Tencent LoL Pro League,2019,Spring,4
Biubiu,Suning,Tencent LoL Pro League,2019,Summer,17
Biubiu,Suning,Tencent LoL Pro League,2020,Spring,22
Biubiu,Team WE,Tencent LoL Pro League,2022,Spring,40
Biubiu,Team WE,Tencent LoL Pro League,2022,Summer,27
Biubiu,Team WE,Tencent LoL Pro League,2023,Spring,40
Biubiu,Victory Five,Tencent LoL Pro League,2020,Summer,41
bkr,Rare Atom,Tencent LoL Pro League,2023,Spring,4
Blackloli,EDward Gaming,Tencent LoL Pro League,2015,Spring,2
Blanc (Jin Seong-min),Jin Air Green Wings,LoL Champions Korea,2016,Summer,8
Blank (Kang Sun-gu),KT Rolster,LoL Champions Korea,2021,Spring,17
Blank (Kang Sun-gu),KT Rolster,LoL Champions Korea,2021,Summer,41
Blank (Kang Sun-gu),SK Telecom T1,LoL Champions Korea,2016,Spring,24
Blank (Kang Sun-gu),SK Telecom T1,LoL Champions Korea,2016,Summer,27
Blank (Kang Sun-gu),SK Telecom T1,LoL Champions Korea,2017,Spring,6
Blank (Kang Sun-gu),SK Telecom T1,LoL Champions Korea,2017,Summer,17
Blank (Kang Sun-gu),SK Telecom T1,LoL Champions Korea,2018,Spring,24
Blank (Kang Sun-gu),SK Telecom T1,LoL Champions Korea,2018,Summer,39
Blank (Kang Sun-gu),Star Horn Royal Club,Tencent LoL Pro League,2015,Spring,8
Bless (Choi Hyeon-woong),bbq Olivers,LoL Champions Korea,2017,Spring,44
Bless (Choi Hyeon-woong),bbq Olivers,LoL Champions Korea,2017,Summer,45
Bless (Choi Hyeon-woong),ESC Ever,LoL Champions Korea,2016,Summer,45
bless (Xiang Yi-Tong),Dominus Esports,Tencent LoL Pro League,2020,Spring,4
bless (Xiang Yi-Tong),ThunderTalk Gaming,Tencent LoL Pro League,2021,Spring,7
Blessing,Nongshim RedForce,LoL Champions Korea,2022,Spring,1
Blossom (Park Beom-chan),SK Telecom T1,LoL Champions Korea,2018,Spring,18
Blossom (Park Beom-chan),SK Telecom T1,LoL Champions Korea,2018,Summer,5
Bo,FunPlus Phoenix,Tencent LoL Pro League,2021,Spring,10
Bonnie,FunPlus Phoenix,Tencent LoL Pro League,2023,Summer,2
Bonnie,KT Rolster,LoL Champions Korea,2021,Spring,6
Bono (Kim Gi-beom),bbq Olivers,LoL Champions Korea,2018,Spring,8
Bono (Kim Gi-beom),bbq Olivers,LoL Champions Korea,2018,Summer,7
bonO (Kim Gi-beom),Hanwha Life Esports,LoL Champions Korea,2019,Spring,38
bonO (Kim Gi-beom),Hanwha Life Esports,LoL Champions Korea,2019,Summer,37
bonO (Kim Gi-beom),KT Rolster,LoL Champions Korea,2020,Spring,41
bonO (Kim Gi-beom),KT Rolster,LoL Champions Korea,2020,Summer,33
BoriSal,Qiao Gu Reapers,Tencent LoL Pro League,2016,Spring,7
Brain,Suning,Tencent LoL Pro League,2017,Summer,4
Breathe,Bilibili Gaming,Tencent LoL Pro League,2022,Spring,44
Breathe,Royal Never Give Up,Tencent LoL Pro League,2022,Summer,43
Breathe,Royal Never Give Up,Tencent LoL Pro League,2023,Spring,37
Breathe,Royal Never Give Up,Tencent LoL Pro League,2023,Summer,40
Breathe,Royal Never Give Up,Tencent LoL Pro League,2024,Spring,36
Breathe,Team WE,Tencent LoL Pro League,2021,Spring,36
Breathe,Team WE,Tencent LoL Pro League,2021,Summer,40
Breathe,Weibo Gaming,Tencent LoL Pro League,2024,Summer,18
Breathe,Weibo Gaming,Tencent LoL Pro League,2024,Summer Placements,19
Bright,Oh My God,Tencent LoL Pro League,2019,Spring,2
Bright,Oh My God,Tencent LoL Pro League,2021,Spring,2
Brook (Lee Jang-hoon),Afreeca Freecs,LoL Champions Korea,2019,Spring,6
Brook (Lee Jang-hoon),Hanwha Life Esports,LoL Champions Korea,2018,Summer,1
Bubbling,CJ Entus,LoL Champions Korea,2016,Spring,46
Bubbling,CJ Entus,LoL Champions Korea,2016,Summer,1
Bull,Kwangdong Freecs,LoL Champions Korea,2024,Spring,39
BuLLDoG (Lee Tae-young),Kwangdong Freecs,LoL Champions Korea,2023,Spring,45
BuLLDoG (Lee Tae-young),Kwangdong Freecs,LoL Champions Korea,2023,Summer,38
BuLLDoG (Lee Tae-young),Kwangdong Freecs,LoL Champions Korea,2024,Spring,43
BuLLDoG (Lee Tae-young),Kwangdong Freecs,LoL Champions Korea,2024,Summer,44
Bunny,Royal Never Give Up,Tencent LoL Pro League,2023,Spring,6
Burdol,DWG KIA,LoL Champions Korea,2022,Spring,36
Burdol,Gen.G,LoL Champions Korea,2021,Summer,6
Burdol,LGD Gaming,Tencent LoL Pro League,2024,Spring,40
Burdol,LGD Gaming,Tencent LoL Pro League,2024,Summer,19
Burdol,LGD Gaming,Tencent LoL Pro League,2024,Summer Placements,14
Burdol,Liiv SANDBOX,LoL Champions Korea,2023,Spring,47
Burdol,Liiv SANDBOX,LoL Champions Korea,2023,Summer,23
Bvoy,JD Gaming,Tencent LoL Pro League,2019,Spring,6
CaD,Hanwha Life Esports,LoL Champions Korea,2020,Summer,16
Calix (Syun Hyun-bin),Nongshim RedForce,LoL Champions Korea,2024,Spring,2
Calix (Syun Hyun-bin),Nongshim RedForce,LoL Champions Korea,2024,Summer,6
Callme,Nongshim RedForce,LoL Champions Korea,2023,Spring,4
Callme,Nongshim RedForce,LoL Champions Korea,2024,Spring,35
Callme,Nongshim RedForce,LoL Champions Korea,2024,Summer,1
can,Bilibili Gaming,Tencent LoL Pro League,2022,Summer,14
Candy (Tang Xin),Masters 3,Tencent LoL Pro League,2015,Spring,36
Candyseven,QG Reapers,Tencent LoL Pro League,2017,Spring,8
Canna,Dplus Kia,LoL Champions Korea,2023,Spring,40
Canna,Dplus Kia,LoL Champions Korea,2023,Summer,40
Canna,Nongshim RedForce,LoL Champions Korea,2022,Spring,41
Canna,Nongshim RedForce,LoL Champions Korea,2022,Summer,42
Canna,T1,LoL Champions Korea,2020,Spring,40
Canna,T1,LoL Champions Korea,2020,Summer,42
Canna,T1,LoL Champions Korea,2021,Spring,25
Canna,T1,LoL Champions Korea,2021,Summer,44
Canyon,DAMWON Gaming,LoL Champions Korea,2019,Spring,28
Canyon,DAMWON Gaming,LoL Champions Korea,2019,Summer,43
Canyon,DAMWON Gaming,LoL Champions Korea,2020,Spring,43
Canyon,DAMWON Gaming,LoL Champions Korea,2020,Summer,39
Canyon,Dplus Kia,LoL Champions Korea,2023,Spring,40
Canyon,Dplus Kia,LoL Champions Korea,2023,Summer,40
Canyon,DWG KIA,LoL Champions Korea,2021,Spring,43
Canyon,DWG KIA,LoL Champions Korea,2021,Summer,43
Canyon,DWG KIA,LoL Champions Korea,2022,Spring,42
Canyon,DWG KIA,LoL Champions Korea,2022,Summer,41
Canyon,Gen.G,LoL Champions Korea,2024,Spring,39
Canyon,Gen.G,LoL Champions Korea,2024,Summer,38
Captain (Luo Fei-Yang),ThunderTalk Gaming,Tencent LoL Pro League,2021,Spring,5
Captain (Luo Fei-Yang),ThunderTalk Gaming,Tencent LoL Pro League,2021,Summer,2
Captain (Luo Fei-Yang),ThunderTalk Gaming,Tencent LoL Pro League,2022,Spring,14
Captain (Sun Yu-Ze),Saint Gaming,Tencent LoL Pro League,2016,Summer,7
Captain57,Energy Pacemaker,Tencent LoL Pro League,2015,Spring,6
Care,FunPlus Phoenix,Tencent LoL Pro League,2022,Spring,13
Care,FunPlus Phoenix,Tencent LoL Pro League,2022,Summer,40
Care,FunPlus Phoenix,Tencent LoL Pro League,2023,Spring,39
Care,FunPlus Phoenix,Tencent LoL Pro League,2023,Summer,37
Care,FunPlus Phoenix,Tencent LoL Pro League,2024,Spring,40
Care,FunPlus Phoenix,Tencent LoL Pro League,2024,Summer,19
Care,FunPlus Phoenix,Tencent LoL Pro League,2024,Summer Placements,14
Carry (Wang Zu-Jing),Vici Gaming,Tencent LoL Pro League,2015,Spring,44
Carry (Wang Zu-Jing),Vici Gaming,Tencent LoL Pro League,2015,Summer,6
Casting,KT Rolster,LoL Champions Korea,2024,Summer,3
Casual,Oh My God,Tencent LoL Pro League,2018,Spring,2
Cat (Wu Yao),DAN Gaming,Tencent LoL Pro League,2017,Summer,31
Cat (Wu Yao),Topsports Gaming,Tencent LoL Pro League,2018,Spring,25
Cat (Wu Yao),Topsports Gaming,Tencent LoL Pro League,2018,Summer,47
Cat (Wu Yao),Topsports Gaming,Tencent LoL Pro League,2019,Spring,3
caveMan,Vici Gaming,Tencent LoL Pro League,2016,Spring,40
caveMan,Vici Gaming,Tencent LoL Pro League,2016,Summer,37
Caveman,Vici Gaming,Tencent LoL Pro League,2017,Spring,6
Caveman,Vici Gaming,Tencent LoL Pro League,2018,Spring,43
Caveman,Vici Gaming,Tencent LoL Pro League,2018,Summer,33
Celestial,Team WE,Tencent LoL Pro League,2018,Spring,30
Cepted,Ever8 Winners,LoL Champions Korea,2017,Summer,41
Chance (Pei Piao),LGD Gaming,Tencent LoL Pro League,2020,Spring,15
Chance (Pei Piao),LGD Gaming,Tencent LoL Pro League,2021,Spring,25
Changhong,Dominus Esports,Tencent LoL Pro League,2019,Summer,19
Changhong,SinoDragon Gaming,Tencent LoL Pro League,2019,Spring,35
Chaser,Longzhu Gaming,LoL Champions Korea,2016,Spring,32
Chaser,Longzhu Gaming,LoL Champions Korea,2016,Summer,23
Chei,Jin Air Green Wings,LoL Champions Korea,2016,Spring,42
Chei,Jin Air Green Wings,LoL Champions Korea,2016,Summer,37
Chelizi,Dominus Esports,Tencent LoL Pro League,2020,Summer,30
Chelizi,LGD Gaming,Tencent LoL Pro League,2022,Summer,7
Chelizi,ThunderTalk Gaming,Tencent LoL Pro League,2021,Spring,38
Chelizi,Vici Gaming,Tencent LoL Pro League,2019,Spring,27
Chelizi,Vici Gaming,Tencent LoL Pro League,2019,Summer,21
Chelly (Li Yu-Zhou),Oh My God,Tencent LoL Pro League,2018,Spring,41
Chelly (Li Yu-Zhou),Oh My God,Tencent LoL Pro League,2018,Summer,29
Chelly (Li Yu-Zhou),Oh My God,Tencent LoL Pro League,2019,Spring,36
Chelly (Li Yu-Zhou),Oh My God,Tencent LoL Pro League,2019,Summer,7
Chen,QG Reapers,Tencent LoL Pro League,2017,Spring,1
chen9,Team WE,Tencent LoL Pro League,2019,Spring,2
chenlun17,LNG Esports,Tencent LoL Pro League,2020,Spring,8
chenlun17,LNG Esports,Tencent LoL Pro League,2020,Summer,15
CheonGo,Jin Air Green Wings,LoL Champions Korea,2019,Spring,9
CheonGo,Jin Air Green Wings,LoL Champions Korea,2019,Summer,10
Cheoni,Hanwha Life Esports,LoL Champions Korea,2022,Spring,4
Cheoni,Hanwha Life Esports,LoL Champions Korea,2022,Summer,14
Chieftain,Bilibili Gaming,Tencent LoL Pro League,2018,Spring,12
Chieftain,Bilibili Gaming,Tencent LoL Pro League,2018,Summer,35
Chieftain,Fredit BRION,LoL Champions Korea,2021,Spring,3
Chieftain,Fredit BRION,LoL Champions Korea,2021,Summer,2
Chieftain,ThunderTalk Gaming,Tencent LoL Pro League,2022,Spring,24
Chieftain,Vici Gaming,Tencent LoL Pro League,2020,Spring,12
chimin,Hyper Youth Gaming,Tencent LoL Pro League,2016,Spring,18
chimin,Saint Gaming,Tencent LoL Pro League,2016,Summer,14
Chovy,DragonX,LoL Champions Korea,2020,Spring,46
Chovy,DRX,LoL Champions Korea,2020,Summer,45
Chovy,Gen.G,LoL Champions Korea,2022,Spring,34
Chovy,Gen.G,LoL Champions Korea,2022,Summer,40
Chovy,Gen.G,LoL Champions Korea,2023,Spring,43
Chovy,Gen.G,LoL Champions Korea,2023,Summer,39
Chovy,Gen.G,LoL Champions Korea,2024,Spring,39
Chovy,Gen.G,LoL Champions Korea,2024,Summer,38
Chovy,Griffin (Korean Team),LoL Champions Korea,2018,Summer,33
Chovy,Griffin (Korean Team),LoL Champions Korea,2019,Spring,39
Chovy,Griffin (Korean Team),LoL Champions Korea,2019,Summer,42
Chovy,Hanwha Life Esports,LoL Champions Korea,2021,Spring,44
Chovy,Hanwha Life Esports,LoL Champions Korea,2021,Summer,43
City,Game Talents,Tencent LoL Pro League,2016,Summer,3
City,Masters 3,Tencent LoL Pro League,2016,Spring,1
CJJ,eStar (Chinese Team),Tencent LoL Pro League,2020,Summer,5
Clear (Song Hyeon-min),BNK FEARX,LoL Champions Korea,2024,Summer,41
Clear (Song Hyeon-min),DRX,LoL Champions Korea,2022,Spring,1
Clear (Song Hyeon-min),FearX,LoL Champions Korea,2024,Spring,43
Clear (Song Hyeon-min),Liiv SANDBOX,LoL Champions Korea,2023,Summer,17
ClearLove,EDward Gaming,Tencent LoL Pro League,2015,Spring,42
Clearlove,EDward Gaming,Tencent LoL Pro League,2015,Summer,44
Clearlove,EDward Gaming,Tencent LoL Pro League,2016,Spring,32
Clearlove,EDward Gaming,Tencent LoL Pro League,2016,Summer,37
Clearlove,EDward Gaming,Tencent LoL Pro League,2017,Spring,4
Clearlove,EDward Gaming,Tencent LoL Pro League,2018,Spring,3
Clearlove,EDward Gaming,Tencent LoL Pro League,2018,Summer,24
Clearlove,EDward Gaming,Tencent LoL Pro League,2019,Spring,23
Clearlove,EDward Gaming,Tencent LoL Pro League,2021,Summer,1
Clearlove7,EDward Gaming,Tencent LoL Pro League,2017,Summer,33
Clever,Hanwha Life Esports,LoL Champions Korea,2018,Summer,1
Clever9,Team WE,Tencent LoL Pro League,2019,Summer,1
clid,FunPlus Phoenix,Tencent LoL Pro League,2022,Spring,30
Clid,FunPlus Phoenix,Tencent LoL Pro League,2022,Summer,40
Clid,Gen.G,LoL Champions Korea,2020,Spring,44
Clid,Gen.G,LoL Champions Korea,2020,Summer,43
Clid,Gen.G,LoL Champions Korea,2021,Spring,39
Clid,Gen.G,LoL Champions Korea,2021,Summer,43
Clid,Hanwha Life Esports,LoL Champions Korea,2023,Spring,45
Clid,Hanwha Life Esports,LoL Champions Korea,2023,Summer,15
Clid,JD Gaming,Tencent LoL Pro League,2017,Summer,8
Clid,JD Gaming,Tencent LoL Pro League,2018,Spring,43
Clid,JD Gaming,Tencent LoL Pro League,2018,Summer,50
Clid,QG Reapers,Tencent LoL Pro League,2017,Spring,37
Clid,SK Telecom T1,LoL Champions Korea,2019,Spring,44
Clid,SK Telecom T1,LoL Champions Korea,2019,Summer,39
Cloud (Hu Zhen-Wei),JD Gaming,Tencent LoL Pro League,2017,Summer,2
Cloud (Hu Zhen-Wei),Oh My God,Tencent LoL Pro League,2015,Spring,19
Cloud (Hu Zhen-Wei),QG Reapers,Tencent LoL Pro League,2017,Spring,12
Clozer,BNK FEARX,LoL Champions Korea,2024,Summer,41
Clozer,FearX,LoL Champions Korea,2024,Spring,43
Clozer,Liiv SANDBOX,LoL Champions Korea,2022,Spring,37
Clozer,Liiv SANDBOX,LoL Champions Korea,2022,Summer,41
Clozer,Liiv SANDBOX,LoL Champions Korea,2023,Spring,47
Clozer,Liiv SANDBOX,LoL Champions Korea,2023,Summer,40
Clozer,T1,LoL Champions Korea,2020,Summer,14
Clozer,T1,LoL Champions Korea,2021,Spring,21
clx,Victory Five,Tencent LoL Pro League,2020,Spring,28
Coco,Longzhu Gaming,LoL Champions Korea,2016,Spring,33
Coco,Longzhu Gaming,LoL Champions Korea,2016,Summer,24
Coco,Newbee,Tencent LoL Pro League,2017,Spring,20
Coco,Newbee,Tencent LoL Pro League,2017,Summer,22
Coco,Vici Gaming,Tencent LoL Pro League,2018,Summer,13
Cola (Jiang Nan),Star Horn Royal Club,Tencent LoL Pro League,2015,Spring,37
Cola (Jiang Nan),Team King,Tencent LoL Pro League,2015,Summer,8
cold,Oh My God,Tencent LoL Pro League,2020,Spring,38
cold,Oh My God,Tencent LoL Pro League,2020,Summer,27
COLD,Oh My God,Tencent LoL Pro League,2021,Spring,39
COLD,Oh My God,Tencent LoL Pro League,2021,Summer,37
COLD,Oh My God,Tencent LoL Pro League,2022,Spring,41
COLD,Oh My God,Tencent LoL Pro League,2022,Summer,36
Comeback (Ha Seung-chan),Ever8 Winners,LoL Champions Korea,2017,Summer,14
Conan,Team WE,Tencent LoL Pro League,2015,Spring,6
Conan,Team WE,Tencent LoL Pro League,2015,Summer,44
Condi,LGD Gaming,Tencent LoL Pro League,2019,Spring,38
Condi,LGD Gaming,Tencent LoL Pro League,2019,Summer,10
Condi,Masters 3,Tencent LoL Pro League,2015,Spring,20
Condi,Masters 3,Tencent LoL Pro League,2015,Summer,44
Condi,Team WE,Tencent LoL Pro League,2016,Spring,39
Condi,Team WE,Tencent LoL Pro League,2016,Summer,42
Condi,Team WE,Tencent LoL Pro League,2017,Spring,37
Condi,Team WE,Tencent LoL Pro League,2017,Summer,40
Condi,Team WE,Tencent LoL Pro League,2018,Spring,10
Condi,Team WE,Tencent LoL Pro League,2018,Summer,32
Cool,FunPlus Phoenix,Tencent LoL Pro League,2018,Spring,14
Cool,FunPlus Phoenix,Tencent LoL Pro League,2018,Summer,46
Cool,LGD Gaming,Tencent LoL Pro League,2017,Summer,39
Cool,Newbee,Tencent LoL Pro League,2017,Spring,22
Cool,Oh My God,Tencent LoL Pro League,2015,Spring,42
Cool,Oh My God,Tencent LoL Pro League,2015,Summer,44
Cool,Oh My God,Tencent LoL Pro League,2016,Spring,24
Cool,Oh My God,Tencent LoL Pro League,2016,Summer,5
CoreJJ,Gen.G,LoL Champions Korea,2018,Summer,44
CoreJJ,KSV eSports,LoL Champions Korea,2018,Spring,44
CoreJJ,Samsung Galaxy,LoL Champions Korea,2016,Spring,28
CoreJJ,Samsung Galaxy,LoL Champions Korea,2016,Summer,3
CoreJJ,Samsung Galaxy,LoL Champions Korea,2017,Spring,35
CoreJJ,Samsung Galaxy,LoL Champions Korea,2017,Summer,44
Corn (Lei Wen),Newbee,Tencent LoL Pro League,2017,Summer,18
corn (Lei Wen),Star Horn Royal Club,Tencent LoL Pro League,2015,Spring,44
corn (Lei Wen),Team King,Tencent LoL Pro League,2015,Summer,44
Corn (Lei Wen),Topsports Gaming,Tencent LoL Pro League,2018,Spring,12
Corn (Lei Wen),Topsports Gaming,Tencent LoL Pro League,2018,Summer,28
Corn (Lei Wen),Vici Gaming,Tencent LoL Pro League,2019,Summer,3
Corn (Lei Wen),Victory Five,Tencent LoL Pro League,2019,Spring,36
Cover,APK Prince,LoL Champions Korea,2020,Spring,25
Cpt Jack,Longzhu Gaming,LoL Champions Korea,2016,Spring,28
Crash,Longzhu Gaming,LoL Champions Korea,2016,Spring,11
Crash,Longzhu Gaming,LoL Champions Korea,2016,Summer,18
Crash,Longzhu Gaming,LoL Champions Korea,2017,Spring,45
Crash,Vici Gaming,Tencent LoL Pro League,2018,Spring,15
Crazy (Kim Jae-hee),bbq Olivers,LoL Champions Korea,2017,Spring,41
Crazy (Kim Jae-hee),bbq Olivers,LoL Champions Korea,2017,Summer,45
Crazy (Kim Jae-hee),bbq Olivers,LoL Champions Korea,2018,Spring,44
Crazy (Kim Jae-hee),bbq Olivers,LoL Champions Korea,2018,Summer,43
Crazy (Kim Jae-hee),ESC Ever,LoL Champions Korea,2016,Summer,44
Crazy (Kim Jae-hee),Rogue Warriors,Tencent LoL Pro League,2020,Spring,26
Crazy (Kim Jae-hee),Rogue Warriors,Tencent LoL Pro League,2020,Summer,3
Creme,Oh My God,Tencent LoL Pro League,2021,Summer,37
Creme,Oh My God,Tencent LoL Pro League,2022,Spring,41
Creme,Oh My God,Tencent LoL Pro League,2022,Summer,40
Creme,Oh My God,Tencent LoL Pro League,2023,Spring,42
Creme,Oh My God,Tencent LoL Pro League,2023,Summer,40
Creme,Top Esports,Tencent LoL Pro League,2024,Spring,37
Creme,Top Esports,Tencent LoL Pro League,2024,Summer,17
Creme,Top Esports,Tencent LoL Pro League,2024,Summer Placements,13
Crisis,Energy Pacemaker.All,Tencent LoL Pro League,2016,Spring,27
Crisp,Bilibili Gaming,Tencent LoL Pro League,2022,Spring,44
Crisp,Bilibili Gaming,Tencent LoL Pro League,2022,Summer,42
Crisp,FunPlus Phoenix,Tencent LoL Pro League,2018,Spring,45
Crisp,FunPlus Phoenix,Tencent LoL Pro League,2018,Summer,46
Crisp,FunPlus Phoenix,Tencent LoL Pro League,2019,Spring,38
Crisp,FunPlus Phoenix,Tencent LoL Pro League,2019,Summer,33
Crisp,FunPlus Phoenix,Tencent LoL Pro League,2020,Spring,40
Crisp,FunPlus Phoenix,Tencent LoL Pro League,2020,Summer,41
Crisp,FunPlus Phoenix,Tencent LoL Pro League,2021,Spring,35
Crisp,FunPlus Phoenix,Tencent LoL Pro League,2021,Summer,32
Crisp,Newbee,Tencent LoL Pro League,2017,Summer,26
Crisp,Weibo Gaming,Tencent LoL Pro League,2023,Spring,39
Crisp,Weibo Gaming,Tencent LoL Pro League,2023,Summer,39
Crisp,Weibo Gaming,Tencent LoL Pro League,2024,Spring,37
Crisp,Weibo Gaming,Tencent LoL Pro League,2024,Summer,18
Crisp,Weibo Gaming,Tencent LoL Pro League,2024,Summer Placements,17
Croco,Anyone's Legend,Tencent LoL Pro League,2024,Spring,41
Croco,Anyone's Legend,Tencent LoL Pro League,2024,Summer,19
Croco,Anyone's Legend,Tencent LoL Pro League,2024,Summer Placements,18
Croco,DRX,LoL Champions Korea,2023,Spring,29
Croco,DRX,LoL Champions Korea,2023,Summer,25
Croco,Liiv SANDBOX,LoL Champions Korea,2021,Spring,36
Croco,Liiv SANDBOX,LoL Champions Korea,2021,Summer,47
Croco,Liiv SANDBOX,LoL Champions Korea,2022,Spring,37
Croco,Liiv SANDBOX,LoL Champions Korea,2022,Summer,41
Crow (Kim Seon-gyu),ROX Tigers,LoL Champions Korea,2017,Summer,1
Crown,Gen.G,LoL Champions Korea,2018,Summer,3
Crown,KSV eSports,LoL Champions Korea,2018,Spring,44
Crown,Samsung Galaxy,LoL Champions Korea,2016,Spring,44
Crown,Samsung Galaxy,LoL Champions Korea,2016,Summer,40
Crown,Samsung Galaxy,LoL Champions Korea,2017,Spring,42
Crown,Samsung Galaxy,LoL Champions Korea,2017,Summer,44
Crush,e-mFire,LoL Champions Korea,2016,Spring,18
Crush,Kongdoo Monster,LoL Champions Korea,2016,Spring,25
Crush,SANDBOX Gaming,LoL Champions Korea,2019,Spring,1
Cry,ROX Tigers,LoL Champions Korea,2016,Summer,12
Cryin,EDward Gaming,Tencent LoL Pro League,2024,Summer,18
Cryin,EDward Gaming,Tencent LoL Pro League,2024,Summer Placements,13
Cryin,eStar (Chinese Team),Tencent LoL Pro League,2020,Spring,37
Cryin,Invictus Gaming,Tencent LoL Pro League,2023,Summer,36
Cryin,Invictus Gaming,Tencent LoL Pro League,2024,Spring,39
Cryin,Royal Never Give Up,Tencent LoL Pro League,2020,Summer,4
Cryin,Royal Never Give Up,Tencent LoL Pro League,2021,Spring,37
Cryin,Royal Never Give Up,Tencent LoL Pro League,2021,Summer,36
Cryin,Ultra Prime,Tencent LoL Pro League,2022,Spring,41
Cryin,Ultra Prime,Tencent LoL Pro League,2022,Summer,38
Cube (Dai Yi),Oh My God,Tencent LoL Pro League,2024,Spring,37
Cube (Dai Yi),Oh My God,Tencent LoL Pro League,2024,Summer Placements,5
Cube (Dai Yi),Rare Atom,Tencent LoL Pro League,2021,Spring,36
Cube (Dai Yi),Rare Atom,Tencent LoL Pro League,2021,Summer,41
Cube (Dai Yi),Rare Atom,Tencent LoL Pro League,2022,Spring,38
Cube (Dai Yi),Rare Atom,Tencent LoL Pro League,2022,Summer,42
Cube (Dai Yi),Rare Atom,Tencent LoL Pro League,2023,Spring,40
Cube (Dai Yi),Team WE,Tencent LoL Pro League,2023,Summer,37
Cube (Dai Yi),Vici Gaming,Tencent LoL Pro League,2019,Summer,17
Cube (Dai Yi),Vici Gaming,Tencent LoL Pro League,2020,Spring,43
Cube (Dai Yi),Vici Gaming,Tencent LoL Pro League,2020,Summer,41
Cult,LGD Gaming,Tencent LoL Pro League,2020,Spring,6
Cult,LGD Gaming,Tencent LoL Pro League,2021,Spring,33
Curse (Chen Chen),Oh My God,Tencent LoL Pro League,2019,Summer,34
Curse (Chen Chen),Oh My God,Tencent LoL Pro League,2020,Spring,38
Curse (Chen Chen),Oh My God,Tencent LoL Pro League,2020,Summer,40
CuVee,Gen.G,LoL Champions Korea,2018,Summer,43
CuVee,Gen.G,LoL Champions Korea,2019,Spring,24
CuVee,Gen.G,LoL Champions Korea,2019,Summer,42
CuVee,Hanwha Life Esports,LoL Champions Korea,2020,Spring,45
CuVee,Hanwha Life Esports,LoL Champions Korea,2020,Summer,11
CuVee,KSV eSports,LoL Champions Korea,2018,Spring,44
CuVee,Samsung Galaxy,LoL Champions Korea,2016,Spring,44
CuVee,Samsung Galaxy,LoL Champions Korea,2016,Summer,37
CuVee,Samsung Galaxy,LoL Champions Korea,2017,Spring,42
CuVee,Samsung Galaxy,LoL Champions Korea,2017,Summer,44
Cuzz,Kingzone DragonX,LoL Champions Korea,2018,Spring,5
Cuzz,Kingzone DragonX,LoL Champions Korea,2018,Summer,13
Cuzz,Kingzone DragonX,LoL Champions Korea,2019,Spring,39
Cuzz,Kingzone DragonX,LoL Champions Korea,2019,Summer,46
Cuzz,KT Rolster,LoL Champions Korea,2022,Spring,40
Cuzz,KT Rolster,LoL Champions Korea,2022,Summer,45
Cuzz,KT Rolster,LoL Champions Korea,2023,Spring,43
Cuzz,KT Rolster,LoL Champions Korea,2023,Summer,40
Cuzz,Kwangdong Freecs,LoL Champions Korea,2024,Spring,43
Cuzz,Kwangdong Freecs,LoL Champions Korea,2024,Summer,44
Cuzz,Longzhu Gaming,LoL Champions Korea,2017,Summer,44
Cuzz,T1,LoL Champions Korea,2020,Spring,35
Cuzz,T1,LoL Champions Korea,2020,Summer,35
Cuzz,T1,LoL Champions Korea,2021,Spring,13
Cuzz,T1,LoL Champions Korea,2021,Summer,23
dade,Masters 3,Tencent LoL Pro League,2015,Spring,44
dade,Masters 3,Tencent LoL Pro League,2015,Summer,44
dade,Newbee,Tencent LoL Pro League,2016,Summer,39
DanDy,Vici Gaming,Tencent LoL Pro League,2015,Spring,44
DanDy,Vici Gaming,Tencent LoL Pro League,2015,Summer,44
DanDy,Vici Gaming,Tencent LoL Pro League,2016,Spring,40
DanDy,Vici Gaming,Tencent LoL Pro League,2016,Summer,37
Danger,Gamtee,Tencent LoL Pro League,2015,Spring,20
Dark (Yang Ju-Bao),Oh My God,Tencent LoL Pro League,2016,Spring,5
Daylight,Victory Five,Tencent LoL Pro League,2020,Spring,2
DDoiV,OKSavingsBank BRION,LoL Champions Korea,2024,Spring,4
DDoiV,OKSavingsBank BRION,LoL Champions Korea,2024,Summer,6
Decade,LGD Gaming,Tencent LoL Pro League,2023,Summer,17
Decade,Ultra Prime,Tencent LoL Pro League,2024,Spring,39
Deceit,QG Reapers,Tencent LoL Pro League,2017,Spring,6
Deft,Dplus Kia,LoL Champions Korea,2023,Spring,40
Deft,Dplus Kia,LoL Champions Korea,2023,Summer,37
Deft,DragonX,LoL Champions Korea,2020,Spring,46
Deft,DRX,LoL Champions Korea,2020,Summer,45
Deft,DRX,LoL Champions Korea,2022,Spring,40
Deft,DRX,LoL Champions Korea,2022,Summer,45
Deft,EDward Gaming,Tencent LoL Pro League,2015,Spring,44
Deft,EDward Gaming,Tencent LoL Pro League,2015,Summer,42
Deft,EDward Gaming,Tencent LoL Pro League,2016,Spring,35
Deft,EDward Gaming,Tencent LoL Pro League,2016,Summer,37
Deft,Hanwha Life Esports,LoL Champions Korea,2021,Spring,44
Deft,Hanwha Life Esports,LoL Champions Korea,2021,Summer,43
Deft,Kingzone DragonX,LoL Champions Korea,2019,Spring,39
Deft,Kingzone DragonX,LoL Champions Korea,2019,Summer,46
Deft,KT Rolster,LoL Champions Korea,2017,Spring,44
Deft,KT Rolster,LoL Champions Korea,2017,Summer,47
Deft,KT Rolster,LoL Champions Korea,2018,Spring,43
Deft,KT Rolster,LoL Champions Korea,2018,Summer,43
Deft,KT Rolster,LoL Champions Korea,2024,Spring,44
Deft,KT Rolster,LoL Champions Korea,2024,Summer,44
Delight,Fredit BRION,LoL Champions Korea,2021,Spring,39
Delight,Fredit BRION,LoL Champions Korea,2021,Summer,48
Delight,Fredit BRION,LoL Champions Korea,2022,Spring,42
Delight,Fredit BRION,LoL Champions Korea,2022,Summer,42
Delight,Gen.G,LoL Champions Korea,2023,Spring,43
Delight,Gen.G,LoL Champions Korea,2023,Summer,39
Delight,Hanwha Life Esports,LoL Champions Korea,2024,Spring,41
Delight,Hanwha Life Esports,LoL Champions Korea,2024,Summer,41
Demon (Wu Yue-Wei),Team WE,Tencent LoL Pro League,2022,Summer,12
deokdam,DRX,LoL Champions Korea,2023,Spring,38
deokdam,DWG KIA,LoL Champions Korea,2022,Spring,42
deokdam,DWG KIA,LoL Champions Korea,2022,Summer,41
deokdam,FunPlus Phoenix,Tencent LoL Pro League,2024,Spring,40
deokdam,FunPlus Phoenix,Tencent LoL Pro League,2024,Summer,19
deokdam,FunPlus Phoenix,Tencent LoL Pro League,2024,Summer Placements,14
deokdam,Nongshim RedForce,LoL Champions Korea,2021,Spring,42
deokdam,Nongshim RedForce,LoL Champions Korea,2021,Summer,46
deokdam,Team Dynamics,LoL Champions Korea,2020,Summer,44
Destroy (Yoon Jeong-min),DRX,LoL Champions Korea,2021,Summer,1
DeuL,Ever8 Winners,LoL Champions Korea,2017,Summer,41
dian,Suning,Tencent LoL Pro League,2017,Summer,12
DnDn,Nongshim RedForce,LoL Champions Korea,2022,Spring,2
DnDn,Nongshim RedForce,LoL Champions Korea,2023,Spring,42
DnDn,Nongshim RedForce,LoL Champions Korea,2023,Summer,43
DnDn,Nongshim RedForce,LoL Champions Korea,2024,Spring,44
DnDn,Nongshim RedForce,LoL Champions Korea,2024,Summer,11
Doggo,Bilibili Gaming,Tencent LoL Pro League,2022,Spring,35
Doggo,Bilibili Gaming,Tencent LoL Pro League,2022,Summer,31
Doggo,Ultra Prime,Tencent LoL Pro League,2023,Spring,37
Doggo,Ultra Prime,Tencent LoL Pro League,2023,Summer,38
Doggo,Ultra Prime,Tencent LoL Pro League,2024,Spring,39
Doggo,Ultra Prime,Tencent LoL Pro League,2024,Summer,16
Doggo,Ultra Prime,Tencent LoL Pro League,2024,Summer Placements,19
Doinb,FunPlus Phoenix,Tencent LoL Pro League,2019,Spring,38
Doinb,FunPlus Phoenix,Tencent LoL Pro League,2019,Summer,33
Doinb,FunPlus Phoenix,Tencent LoL Pro League,2020,Spring,40
Doinb,FunPlus Phoenix,Tencent LoL Pro League,2020,Summer,41
Doinb,FunPlus Phoenix,Tencent LoL Pro League,2021,Spring,35
Doinb,FunPlus Phoenix,Tencent LoL Pro League,2021,Summer,39
doinb,JD Gaming,Tencent LoL Pro League,2017,Summer,38
Doinb,LNG Esports,Tencent LoL Pro League,2022,Spring,42
Doinb,LNG Esports,Tencent LoL Pro League,2022,Summer,39
Doinb,QG Reapers,Tencent LoL Pro League,2017,Spring,38
Doinb,Qiao Gu Reapers,Tencent LoL Pro League,2015,Summer,44
Doinb,Qiao Gu Reapers,Tencent LoL Pro League,2016,Spring,28
Doinb,Rogue Warriors,Tencent LoL Pro League,2018,Spring,42
Doinb,Rogue Warriors,Tencent LoL Pro League,2018,Summer,46
Doran (Choi Hyeon-joon),DragonX,LoL Champions Korea,2020,Spring,43
Doran (Choi Hyeon-joon),DRX,LoL Champions Korea,2020,Summer,45
Doran (Choi Hyeon-joon),Gen.G,LoL Champions Korea,2022,Spring,36
Doran (Choi Hyeon-joon),Gen.G,LoL Champions Korea,2022,Summer,40
Doran (Choi Hyeon-joon),Gen.G,LoL Champions Korea,2023,Spring,43
Doran (Choi Hyeon-joon),Gen.G,LoL Champions Korea,2023,Summer,39
Doran (Choi Hyeon-joon),Griffin (Korean Team),LoL Champions Korea,2019,Summer,19
Doran (Choi Hyeon-joon),Hanwha Life Esports,LoL Champions Korea,2024,Spring,41
Doran (Choi Hyeon-joon),Hanwha Life Esports,LoL Champions Korea,2024,Summer,41
Doran (Choi Hyeon-joon),KT Rolster,LoL Champions Korea,2021,Spring,45
Doran (Choi Hyeon-joon),KT Rolster,LoL Champions Korea,2021,Summer,46
Dove,Invictus Gaming,Tencent LoL Pro League,2023,Spring,34
Dove,KT Rolster,LoL Champions Korea,2021,Spring,17
Dove,KT Rolster,LoL Champions Korea,2021,Summer,45
Dove,Liiv SANDBOX,LoL Champions Korea,2022,Spring,37
Dove,Liiv SANDBOX,LoL Champions Korea,2022,Summer,41
Dove,SANDBOX Gaming,LoL Champions Korea,2019,Spring,44
Dove,SANDBOX Gaming,LoL Champions Korea,2019,Summer,45
Dove,SANDBOX Gaming,LoL Champions Korea,2020,Spring,37
Dove,SANDBOX Gaming,LoL Champions Korea,2020,Summer,9
Dread (Lee Jin-hyeok),Afreeca Freecs,LoL Champions Korea,2019,Spring,38
Dread (Lee Jin-hyeok),Afreeca Freecs,LoL Champions Korea,2019,Summer,46
Dread (Lee Jin-hyeok),Afreeca Freecs,LoL Champions Korea,2020,Spring,13
Dread (Lee Jin-hyeok),Afreeca Freecs,LoL Champions Korea,2020,Summer,2
Dread (Lee Jin-hyeok),Afreeca Freecs,LoL Champions Korea,2021,Spring,42
Dread (Lee Jin-hyeok),Afreeca Freecs,LoL Champions Korea,2021,Summer,46
Dread (Lee Jin-hyeok),Nongshim RedForce,LoL Champions Korea,2022,Spring,45
Dread (Lee Jin-hyeok),Nongshim RedForce,LoL Champions Korea,2022,Summer,38
Dream (Tan Wen-Xiang),Ninjas in Pyjamas.CN,Tencent LoL Pro League,2023,Spring,22
Dream (Tan Wen-Xiang),Ultra Prime,Tencent LoL Pro League,2023,Summer,10
Dream (Tan Wen-Xiang),Victory Five,Tencent LoL Pro League,2022,Summer,14
DreamS (He Zhi-Hong),Masters 3,Tencent LoL Pro League,2015,Spring,11
Drizzle,Energy Pacemaker,Tencent LoL Pro League,2015,Spring,38
Duan,LNG Esports,Tencent LoL Pro League,2019,Summer,31
Duan,LNG Esports,Tencent LoL Pro League,2020,Spring,39
Duan,LNG Esports,Tencent LoL Pro League,2020,Summer,19
DuDu (Lee Dong-ju),Hanwha Life Esports,LoL Champions Korea,2020,Summer,31
DuDu (Lee Dong-ju),Hanwha Life Esports,LoL Champions Korea,2021,Spring,8
DuDu (Lee Dong-ju),Hanwha Life Esports,LoL Champions Korea,2021,Summer,21
DuDu (Lee Dong-ju),Hanwha Life Esports,LoL Champions Korea,2022,Spring,43
DuDu (Lee Dong-ju),Hanwha Life Esports,LoL Champions Korea,2022,Summer,46
DuDu (Lee Dong-ju),Kwangdong Freecs,LoL Champions Korea,2023,Spring,45
DuDu (Lee Dong-ju),Kwangdong Freecs,LoL Champions Korea,2023,Summer,38
DuDu (Lee Dong-ju),Kwangdong Freecs,LoL Champions Korea,2024,Spring,43
DuDu (Lee Dong-ju),Kwangdong Freecs,LoL Champions Korea,2024,Summer,44
Duke (Lee Ho-seong),Invictus Gaming,Tencent LoL Pro League,2017,Spring,39
Duke (Lee Ho-seong),Invictus Gaming,Tencent LoL Pro League,2017,Summer,23
Duke (Lee Ho-seong),Invictus Gaming,Tencent LoL Pro League,2018,Spring,8
Duke (Lee Ho-seong),Invictus Gaming,Tencent LoL Pro League,2018,Summer,32
Duke (Lee Ho-seong),Invictus Gaming,Tencent LoL Pro League,2019,Spring,8
Duke (Lee Ho-seong),Invictus Gaming,Tencent LoL Pro League,2019,Summer,3
Duke (Lee Ho-seong),SK Telecom T1,LoL Champions Korea,2016,Spring,41
Duke (Lee Ho-seong),SK Telecom T1,LoL Champions Korea,2016,Summer,41
Duro,BNK FEARX,LoL Champions Korea,2024,Summer,30
Easyhoon,Vici Gaming,Tencent LoL Pro League,2016,Spring,40
Easyhoon,Vici Gaming,Tencent LoL Pro League,2016,Summer,37
Easyhoon,Vici Gaming,Tencent LoL Pro League,2017,Spring,37
Easyhoon,Vici Gaming,Tencent LoL Pro League,2018,Spring,38
Easyhoon,Vici Gaming,Tencent LoL Pro League,2018,Summer,1
Edge,e-mFire,LoL Champions Korea,2016,Spring,18
Edge,Kongdoo Monster,LoL Champions Korea,2016,Spring,25
Edge,Kongdoo Monster,LoL Champions Korea,2017,Spring,45
Edge,Kongdoo Monster,LoL Champions Korea,2018,Spring,41
Effort,BRION,LoL Champions Korea,2023,Spring,44
Effort,Liiv SANDBOX,LoL Champions Korea,2021,Spring,40
Effort,Liiv SANDBOX,LoL Champions Korea,2021,Summer,47
Effort,Nongshim RedForce,LoL Champions Korea,2022,Spring,14
Effort,Nongshim RedForce,LoL Champions Korea,2022,Summer,22
Effort,OKSavingsBank BRION,LoL Champions Korea,2023,Summer,45
Effort,OKSavingsBank BRION,LoL Champions Korea,2024,Spring,14
Effort,SK Telecom T1,LoL Champions Korea,2018,Spring,19
Effort,SK Telecom T1,LoL Champions Korea,2018,Summer,38
Effort,SK Telecom T1,LoL Champions Korea,2019,Summer,27
Effort,T1,LoL Champions Korea,2020,Spring,44
Effort,T1,LoL Champions Korea,2020,Summer,40
Eimy,LGD Gaming,Tencent LoL Pro League,2016,Spring,24
Eimy,LGD Gaming,Tencent LoL Pro League,2016,Summer,26
Eimy,LGD Gaming,Tencent LoL Pro League,2017,Spring,28
Eimy,LGD Gaming,Tencent LoL Pro League,2017,Summer,39
Eimy,LGD Gaming,Tencent LoL Pro League,2018,Spring,31
Eimy,LGD Gaming,Tencent LoL Pro League,2018,Summer,43
Eimy,LGD Gaming,Tencent LoL Pro League,2019,Summer,5
Eimy,Unlimited Potential,Tencent LoL Pro League,2015,Summer,44
Elk,Bilibili Gaming,Tencent LoL Pro League,2023,Spring,42
Elk,Bilibili Gaming,Tencent LoL Pro League,2023,Summer,37
Elk,Bilibili Gaming,Tencent LoL Pro League,2024,Spring,35
Elk,Bilibili Gaming,Tencent LoL Pro League,2024,Summer,22
Elk,Bilibili Gaming,Tencent LoL Pro League,2024,Summer Placements,14
Elk,Team WE,Tencent LoL Pro League,2021,Summer,39
Elk,Ultra Prime,Tencent LoL Pro League,2022,Spring,41
Elk,Ultra Prime,Tencent LoL Pro League,2022,Summer,38
Ella,Ever8 Winners,LoL Champions Korea,2017,Summer,29
Ella,Snake Esports,Tencent LoL Pro League,2015,Spring,44
Ella,Snake Esports,Tencent LoL Pro League,2015,Summer,44
Ella,Snake Esports,Tencent LoL Pro League,2016,Spring,41
Ella,Snake Esports,Tencent LoL Pro League,2016,Summer,1
Ellim,Kwangdong Freecs,LoL Champions Korea,2022,Spring,42
Ellim,Kwangdong Freecs,LoL Champions Korea,2022,Summer,42
Ellim,T1,LoL Champions Korea,2020,Spring,9
Ellim,T1,LoL Champions Korea,2020,Summer,7
Ellim,T1,LoL Champions Korea,2021,Spring,22
Emperor (Kim Jin-hyun),Longzhu Gaming,LoL Champions Korea,2016,Summer,8
Endless (Xu Hao),Vici Gaming,Tencent LoL Pro League,2015,Summer,32
Endless (Xu Hao),Vici Gaming,Tencent LoL Pro League,2016,Spring,40
Endless (Xu Hao),Vici Gaming,Tencent LoL Pro League,2016,Summer,19
Endless (Xu Hao),Vici Gaming,Tencent LoL Pro League,2017,Spring,20
Envyy,LGD Gaming,Tencent LoL Pro League,2023,Summer,21
Envyy,Liiv SANDBOX,LoL Champions Korea,2022,Spring,9
Envyy,Liiv SANDBOX,LoL Champions Korea,2023,Spring,47
Envyy,OKSavingsBank BRION,LoL Champions Korea,2024,Spring,35
Envyy,OKSavingsBank BRION,LoL Champions Korea,2024,Summer,29
Eric (He Qiang),LGD Gaming,Tencent LoL Pro League,2022,Spring,42
Eric (He Qiang),LGD Gaming,Tencent LoL Pro League,2022,Summer,3
Eric (He Qiang),Oh My God,Tencent LoL Pro League,2020,Summer,7
Eric (He Qiang),Oh My God,Tencent LoL Pro League,2021,Spring,37
Execute,BNK FEARX,LoL Champions Korea,2024,Summer,11
Execute,FearX,LoL Champions Korea,2024,Spring,43
Expession,Longzhu Gaming,LoL Champions Korea,2016,Spring,26
Expession,Longzhu Gaming,LoL Champions Korea,2016,Summer,41
Expession,Longzhu Gaming,LoL Champions Korea,2017,Spring,45
Fage,DAN Gaming,Tencent LoL Pro League,2017,Summer,7
Fage,Topsports Gaming,Tencent LoL Pro League,2018,Spring,19
Faker,SK Telecom T1,LoL Champions Korea,2016,Spring,40
Faker,SK Telecom T1,LoL Champions Korea,2016,Summer,41
Faker,SK Telecom T1,LoL Champions Korea,2017,Spring,42
Faker,SK Telecom T1,LoL Champions Korea,2017,Summer,41
Faker,SK Telecom T1,LoL Champions Korea,2018,Spring,46
Faker,SK Telecom T1,LoL Champions Korea,2018,Summer,25
Faker,SK Telecom T1,LoL Champions Korea,2019,Spring,44
Faker,SK Telecom T1,LoL Champions Korea,2019,Summer,42
Faker,T1,LoL Champions Korea,2020,Spring,44
Faker,T1,LoL Champions Korea,2020,Summer,28
Faker,T1,LoL Champions Korea,2021,Spring,23
Faker,T1,LoL Champions Korea,2021,Summer,44
Faker,T1,LoL Champions Korea,2022,Spring,43
Faker,T1,LoL Champions Korea,2022,Summer,44
Faker,T1,LoL Champions Korea,2023,Spring,43
Faker,T1,LoL Champions Korea,2023,Summer,24
Faker,T1,LoL Champions Korea,2024,Spring,40
Faker,T1,LoL Champions Korea,2024,Summer,44
Fan (Liu Yi-Fan),LGD Gaming,Tencent LoL Pro League,2015,Summer,4
FATE (Yoo Su-hyeok),DRX,LoL Champions Korea,2023,Spring,44
FATE (Yoo Su-hyeok),DRX,LoL Champions Korea,2023,Summer,34
FATE (Yoo Su-hyeok),Kwangdong Freecs,LoL Champions Korea,2022,Spring,42
FATE (Yoo Su-hyeok),Kwangdong Freecs,LoL Champions Korea,2022,Summer,42
FATE (Yoo Su-hyeok),Liiv SANDBOX,LoL Champions Korea,2021,Spring,40
FATE (Yoo Su-hyeok),Liiv SANDBOX,LoL Champions Korea,2021,Summer,47
FATE (Yoo Su-hyeok),OKSavingsBank BRION,LoL Champions Korea,2024,Summer,19
FATE (Yoo Su-hyeok),SANDBOX Gaming,LoL Champions Korea,2020,Spring,7
FATE (Yoo Su-hyeok),SANDBOX Gaming,LoL Champions Korea,2020,Summer,33
Fdy,LGD Gaming,Tencent LoL Pro League,2018,Spring,26
Fdy,LGD Gaming,Tencent LoL Pro League,2018,Summer,6
fearness,FunPlus Phoenix,Tencent LoL Pro League,2023,Spring,15
fearness,LGD Gaming,Tencent LoL Pro League,2021,Summer,20
fearness,LGD Gaming,Tencent LoL Pro League,2022,Spring,38
fearness,LGD Gaming,Tencent LoL Pro League,2022,Summer,35
fearness,LGD Gaming,Tencent LoL Pro League,2023,Summer,22
Feather,Rare Atom,Tencent LoL Pro League,2023,Summer,28
Feather,ThunderTalk Gaming,Tencent LoL Pro League,2024,Summer,15
Feather,ThunderTalk Gaming,Tencent LoL Pro League,2024,Summer Placements,9
Feisty,Fredit BRION,LoL Champions Korea,2022,Spring,2
Feisty,KT Rolster,LoL Champions Korea,2023,Summer,1
Fenfen,eStar (Chinese Team),Tencent LoL Pro League,2020,Summer,38
Fenfen,LGD Gaming,Tencent LoL Pro League,2020,Spring,5
Fenfen,LNG Esports,Tencent LoL Pro League,2019,Summer,5
Fenfen,Snake Esports,Tencent LoL Pro League,2019,Spring,13
fenfen,Suning,Tencent LoL Pro League,2017,Summer,29
fenfen,Suning,Tencent LoL Pro League,2018,Summer,15
FIESTA (An Hyeon-seo),Nongshim RedForce,LoL Champions Korea,2022,Spring,5
FIESTA (An Hyeon-seo),Nongshim RedForce,LoL Champions Korea,2023,Spring,38
FIESTA (An Hyeon-seo),Nongshim RedForce,LoL Champions Korea,2023,Summer,31
FIESTA (An Hyeon-seo),Nongshim RedForce,LoL Champions Korea,2024,Spring,7
Fireloli,EDward Gaming,Tencent LoL Pro League,2016,Spring,3
Fireloli,EDward Gaming,Tencent LoL Pro League,2017,Spring,36
Fireloli,Oh My God,Tencent LoL Pro League,2018,Spring,15
FireRain,Vici Gaming,Tencent LoL Pro League,2018,Spring,5
FireRain,Vici Gaming,Tencent LoL Pro League,2018,Summer,32
Firetrap,ESC Ever,LoL Champions Korea,2016,Summer,1
Fishball,DAN Gaming,Tencent LoL Pro League,2017,Summer,4
FishBall,Oh My God,Tencent LoL Pro League,2016,Spring,5
Fisher (Lee Jeong-tae),EDward Gaming,Tencent LoL Pro League,2023,Summer,2
Fisher (Lee Jeong-tae),EDward Gaming,Tencent LoL Pro League,2024,Spring,33
Fisher (Lee Jeong-tae),Nongshim RedForce,LoL Champions Korea,2024,Summer,33
five,Oh My God,Tencent LoL Pro League,2016,Spring,36
five,Oh My God,Tencent LoL Pro League,2016,Summer,38
Five,Oh My God,Tencent LoL Pro League,2017,Spring,37
Five,Oh My God,Tencent LoL Pro League,2017,Summer,39
Five,Oh My God,Tencent LoL Pro League,2018,Spring,36
Five,Oh My God,Tencent LoL Pro League,2018,Summer,46
Five,Oh My God,Tencent LoL Pro League,2019,Spring,32
Five,Oh My God,Tencent LoL Pro League,2019,Summer,11
Flame,DAMWON Gaming,LoL Champions Korea,2019,Spring,12
Flame,DAMWON Gaming,LoL Champions Korea,2019,Summer,2
Flame,LGD Gaming,Tencent LoL Pro League,2015,Spring,16
Flame,LGD Gaming,Tencent LoL Pro League,2015,Summer,17
Flame,Longzhu Gaming,LoL Champions Korea,2016,Spring,17
Flandre,EDward Gaming,Tencent LoL Pro League,2021,Spring,36
Flandre,EDward Gaming,Tencent LoL Pro League,2021,Summer,35
Flandre,EDward Gaming,Tencent LoL Pro League,2022,Spring,25
Flandre,EDward Gaming,Tencent LoL Pro League,2022,Summer,38
Flandre,JD Gaming,Tencent LoL Pro League,2024,Spring,25
Flandre,JD Gaming,Tencent LoL Pro League,2024,Summer Placements,6
Flandre,LNG Esports,Tencent LoL Pro League,2019,Summer,36
Flandre,LNG Esports,Tencent LoL Pro League,2020,Spring,33
Flandre,LNG Esports,Tencent LoL Pro League,2020,Summer,21
Flandre,Snake Esports,Tencent LoL Pro League,2015,Spring,44
Flandre,Snake Esports,Tencent LoL Pro League,2015,Summer,44
Flandre,Snake Esports,Tencent LoL Pro League,2016,Spring,41
Flandre,Snake Esports,Tencent LoL Pro League,2016,Summer,38
Flandre,Snake Esports,Tencent LoL Pro League,2017,Spring,38
Flandre,Snake Esports,Tencent LoL Pro League,2017,Summer,41
Flandre,Snake Esports,Tencent LoL Pro League,2018,Spring,45
Flandre,Snake Esports,Tencent LoL Pro League,2018,Summer,47
Flandre,Snake Esports,Tencent LoL Pro League,2019,Spring,38
Flawless,APK Prince,LoL Champions Korea,2020,Spring,43
Flawless,Gen.G,LoL Champions Korea,2021,Spring,5
Flawless,I May,Tencent LoL Pro League,2017,Spring,13
Flawless,I May,Tencent LoL Pro League,2017,Summer,11
Flawless,JD Gaming,Tencent LoL Pro League,2019,Spring,34
Flawless,JD Gaming,Tencent LoL Pro League,2019,Summer,23
Flawless,Rogue Warriors,Tencent LoL Pro League,2018,Spring,42
Flawless,Rogue Warriors,Tencent LoL Pro League,2018,Summer,37
Flawless,SBENU Sonicboom,LoL Champions Korea,2016,Spring,41
Flawless,SeolHaeOne Prince,LoL Champions Korea,2020,Summer,32
Flora,LGD Gaming,Tencent LoL Pro League,2021,Spring,4
Fly (Song Yong-jun),Afreeca Freecs,LoL Champions Korea,2020,Spring,33
Fly (Song Yong-jun),Afreeca Freecs,LoL Champions Korea,2020,Summer,41
Fly (Song Yong-jun),Afreeca Freecs,LoL Champions Korea,2021,Spring,42
Fly (Song Yong-jun),Afreeca Freecs,LoL Champions Korea,2021,Summer,46
Fly (Song Yong-jun),Gen.G,LoL Champions Korea,2018,Summer,41
Fly (Song Yong-jun),Gen.G,LoL Champions Korea,2019,Spring,39
Fly (Song Yong-jun),Gen.G,LoL Champions Korea,2019,Summer,18
Fly (Song Yong-jun),KT Rolster,LoL Champions Korea,2016,Spring,43
Fly (Song Yong-jun),KT Rolster,LoL Champions Korea,2016,Summer,44
Fly (Song Yong-jun),Longzhu Gaming,LoL Champions Korea,2017,Spring,45
FoFo,Bilibili Gaming,Tencent LoL Pro League,2020,Spring,42
FoFo,Bilibili Gaming,Tencent LoL Pro League,2020,Summer,39
FoFo,Bilibili Gaming,Tencent LoL Pro League,2022,Spring,44
FoFo,Bilibili Gaming,Tencent LoL Pro League,2022,Summer,15
FoFo,EDward Gaming,Tencent LoL Pro League,2023,Spring,39
FoFo,EDward Gaming,Tencent LoL Pro League,2023,Summer,39
FoFo,Rare Atom,Tencent LoL Pro League,2021,Spring,36
FoFo,Rare Atom,Tencent LoL Pro League,2021,Summer,41
FoFo,Team WE,Tencent LoL Pro League,2024,Spring,38
FoFo,Team WE,Tencent LoL Pro League,2024,Summer,15
FoFo,Team WE,Tencent LoL Pro League,2024,Summer Placements,14
Forge,Anyone's Legend,Tencent LoL Pro League,2022,Spring,30
Forge,Anyone's Legend,Tencent LoL Pro League,2022,Summer,35
Forge,Invictus Gaming,Tencent LoL Pro League,2019,Summer,11
Forge,Rogue Warriors,Tencent LoL Pro League,2021,Spring,34
Forge,Rogue Warriors,Tencent LoL Pro League,2021,Summer,39
Forge,Ultra Prime,Tencent LoL Pro League,2023,Spring,9
Forge,Ultra Prime,Tencent LoL Pro League,2023,Summer,28
Forge,Vici Gaming,Tencent LoL Pro League,2020,Spring,33
Forge,Vici Gaming,Tencent LoL Pro League,2020,Summer,7
frigid,ThunderTalk Gaming,Tencent LoL Pro League,2022,Spring,16
Frog (Lee Min-hoi),DRX,LoL Champions Korea,2024,Spring,2
Frog (Lee Min-hoi),DRX,LoL Champions Korea,2024,Summer,19
Frozen (Kim Tae-il),Longzhu Gaming,LoL Champions Korea,2016,Spring,10
Frozen (Kim Tae-il),Longzhu Gaming,LoL Champions Korea,2016,Summer,17
Funny,LGD Gaming,Tencent LoL Pro League,2017,Spring,22
Fury (Lee Jin-yong),Longzhu Gaming,LoL Champions Korea,2016,Spring,15
Fury (Lee Jin-yong),Longzhu Gaming,LoL Champions Korea,2016,Summer,33
Fury (Lee Jin-yong),Suning,Tencent LoL Pro League,2017,Summer,37
Fury (Lee Jin-yong),Suning,Tencent LoL Pro League,2018,Spring,48
Fury (Lee Jin-yong),Suning,Tencent LoL Pro League,2018,Summer,47
GALA,Dominus Esports,Tencent LoL Pro League,2019,Summer,36
GALA,Dominus Esports,Tencent LoL Pro League,2020,Spring,35
GALA,LNG Esports,Tencent LoL Pro League,2023,Summer,37
GALA,LNG Esports,Tencent LoL Pro League,2024,Spring,41
GALA,LNG Esports,Tencent LoL Pro League,2024,Summer,21
GALA,LNG Esports,Tencent LoL Pro League,2024,Summer Placements,15
GALA,Royal Never Give Up,Tencent LoL Pro League,2020,Summer,21
GALA,Royal Never Give Up,Tencent LoL Pro League,2021,Spring,37
GALA,Royal Never Give Up,Tencent LoL Pro League,2021,Summer,39
GALA,Royal Never Give Up,Tencent LoL Pro League,2022,Spring,39
GALA,Royal Never Give Up,Tencent LoL Pro League,2022,Summer,43
GALA,Royal Never Give Up,Tencent LoL Pro League,2023,Spring,37
GALA,SinoDragon Gaming,Tencent LoL Pro League,2019,Spring,35
Gamin,Fredit BRION,LoL Champions Korea,2022,Spring,2
Gamin,Fredit BRION,LoL Champions Korea,2022,Summer,3
Gango,KT Rolster,LoL Champions Korea,2019,Spring,16
Garvey,LGD Gaming,Tencent LoL Pro League,2019,Summer,13
Garvey,LGD Gaming,Tencent LoL Pro League,2020,Summer,1
Garvey,LGD Gaming,Tencent LoL Pro League,2021,Spring,9
Garvey,LGD Gaming,Tencent LoL Pro League,2021,Summer,17
Garvey,LGD Gaming,Tencent LoL Pro League,2022,Spring,4
Geju,Royal Never Give Up,Tencent LoL Pro League,2024,Summer,12
GENTLE,Team WE,Tencent LoL Pro League,2018,Summer,10
Ggoong,DAN Gaming,Tencent LoL Pro League,2017,Summer,31
Ggoong,Topsports Gaming,Tencent LoL Pro League,2018,Spring,32
Ggoong,Topsports Gaming,Tencent LoL Pro League,2018,Summer,19
Ghost (Jang Yong-jun),bbq Olivers,LoL Champions Korea,2017,Spring,44
Ghost (Jang Yong-jun),bbq Olivers,LoL Champions Korea,2017,Summer,45
Ghost (Jang Yong-jun),bbq Olivers,LoL Champions Korea,2018,Spring,44
Ghost (Jang Yong-jun),bbq Olivers,LoL Champions Korea,2018,Summer,39
Ghost (Jang Yong-jun),CJ Entus,LoL Champions Korea,2016,Summer,2
Ghost (Jang Yong-jun),DAMWON Gaming,LoL Champions Korea,2020,Spring,17
Ghost (Jang Yong-jun),DAMWON Gaming,LoL Champions Korea,2020,Summer,39
Ghost (Jang Yong-jun),DWG KIA,LoL Champions Korea,2021,Spring,43
Ghost (Jang Yong-jun),DWG KIA,LoL Champions Korea,2021,Summer,33
Ghost (Jang Yong-jun),Nongshim RedForce,LoL Champions Korea,2022,Spring,44
Ghost (Jang Yong-jun),Nongshim RedForce,LoL Champions Korea,2022,Summer,42
Ghost (Jang Yong-jun),SANDBOX Gaming,LoL Champions Korea,2019,Spring,44
Ghost (Jang Yong-jun),SANDBOX Gaming,LoL Champions Korea,2019,Summer,45
gideon,Invictus Gaming,Tencent LoL Pro League,2023,Spring,36
GIDEON,KT Rolster,LoL Champions Korea,2021,Spring,22
GIDEON,KT Rolster,LoL Champions Korea,2021,Summer,5
GIDEON,KT Rolster,LoL Champions Korea,2022,Spring,3
GIDEON,OKSavingsBank BRION,LoL Champions Korea,2024,Spring,37
GimGoon,Energy Pacemaker.All,Tencent LoL Pro League,2016,Spring,39
Gimgoon,FunPlus Phoenix,Tencent LoL Pro League,2018,Spring,45
GimGoon,FunPlus Phoenix,Tencent LoL Pro League,2018,Summer,46
GimGoon,FunPlus Phoenix,Tencent LoL Pro League,2019,Spring,38
GimGoon,FunPlus Phoenix,Tencent LoL Pro League,2019,Summer,33
GimGoon,FunPlus Phoenix,Tencent LoL Pro League,2020,Spring,27
GimGoon,FunPlus Phoenix,Tencent LoL Pro League,2020,Summer,13
GimGoon,Game Talents,Tencent LoL Pro League,2016,Summer,37
Gimgoon,Game Talents,Tencent LoL Pro League,2017,Spring,38
glfs,Invictus Gaming,Tencent LoL Pro League,2024,Summer,16
glfs,Invictus Gaming,Tencent LoL Pro League,2024,Summer Placements,19
GodLike,Royal Never Give Up,Tencent LoL Pro League,2015,Summer,1
GodLike,Star Horn Royal Club,Tencent LoL Pro League,2015,Spring,6
GODV (Wei Zhen),LGD Gaming,Tencent LoL Pro League,2015,Summer,44
GodV (Wei Zhen),LGD Gaming,Tencent LoL Pro League,2017,Spring,36
Gogoing,Oh My God,Tencent LoL Pro League,2015,Spring,42
Gogoing,Oh My God,Tencent LoL Pro League,2015,Summer,4
gori,FunPlus Phoenix,Tencent LoL Pro League,2022,Spring,29
Gori,Nongshim RedForce,LoL Champions Korea,2021,Summer,46
Gori,SK Telecom T1,LoL Champions Korea,2019,Summer,1
GorillA,Kingzone DragonX,LoL Champions Korea,2018,Spring,40
GorillA,Kingzone DragonX,LoL Champions Korea,2018,Summer,43
GorillA,Longzhu Gaming,LoL Champions Korea,2017,Spring,45
GorillA,Longzhu Gaming,LoL Champions Korea,2017,Summer,44
GorillA,ROX Tigers,LoL Champions Korea,2016,Spring,41
GorillA,ROX Tigers,LoL Champions Korea,2016,Summer,40
GorillA,SANDBOX Gaming,LoL Champions Korea,2020,Spring,38
GorillA,SANDBOX Gaming,LoL Champions Korea,2020,Summer,40
gosu,Hyper Youth Gaming,Tencent LoL Pro League,2016,Spring,33
Grace,Jin Air Green Wings,LoL Champions Korea,2018,Spring,36
Grace,Jin Air Green Wings,LoL Champions Korea,2018,Summer,44
Grace,Jin Air Green Wings,LoL Champions Korea,2019,Spring,33
Grace,Jin Air Green Wings,LoL Champions Korea,2019,Summer,30
Grizzly,Hanwha Life Esports,LoL Champions Korea,2023,Summer,26
GuGer,e-mFire,LoL Champions Korea,2016,Spring,18
GuGer,Kongdoo Monster,LoL Champions Korea,2016,Spring,25
GuGer,Kongdoo Monster,LoL Champions Korea,2017,Spring,41
GuGer,Nongshim RedForce,LoL Champions Korea,2024,Summer,29
GuGer,Team Dynamics,LoL Champions Korea,2020,Summer,44
Gumayusi,T1,LoL Champions Korea,2021,Spring,21
Gumayusi,T1,LoL Champions Korea,2021,Summer,25
Gumayusi,T1,LoL Champions Korea,2022,Spring,43
Gumayusi,T1,LoL Champions Korea,2022,Summer,44
Gumayusi,T1,LoL Champions Korea,2023,Spring,43
Gumayusi,T1,LoL Champions Korea,2023,Summer,42
Gumayusi,T1,LoL Champions Korea,2024,Spring,40
Gumayusi,T1,LoL Champions Korea,2024,Summer,44
Guoguo,Oh My God,Tencent LoL Pro League,2019,Summer,2
Guoguo,Snake Esports,Tencent LoL Pro League,2017,Summer,4
Guoguo,Snake Esports,Tencent LoL Pro League,2018,Spring,45
Guoguo,Snake Esports,Tencent LoL Pro League,2018,Summer,44
Guwon,T1,LoL Champions Korea,2024,Spring,2
Gyu,Snake Esports,Tencent LoL Pro League,2018,Summer,3
H4cker,eStar (Chinese Team),Tencent LoL Pro League,2021,Spring,36
H4cker,FunPlus Phoenix,Tencent LoL Pro League,2023,Spring,33
H4cker,FunPlus Phoenix,Tencent LoL Pro League,2023,Summer,35
H4cker,Oh My God,Tencent LoL Pro League,2020,Spring,38
H4cker,Oh My God,Tencent LoL Pro League,2020,Summer,41
H4cker,Suning,Tencent LoL Pro League,2017,Summer,32
H4cker,Suning,Tencent LoL Pro League,2018,Spring,36
H4cker,Suning,Tencent LoL Pro League,2018,Summer,47
H4cker,Suning,Tencent LoL Pro League,2019,Spring,22
H4cker,Suning,Tencent LoL Pro League,2019,Summer,3
H4cker,Ultra Prime,Tencent LoL Pro League,2021,Summer,39
H4cker,Ultra Prime,Tencent LoL Pro League,2022,Spring,41
H4cker,Ultra Prime,Tencent LoL Pro League,2022,Summer,38
H4cker,Ultra Prime,Tencent LoL Pro League,2024,Spring,39
H4cker,Ultra Prime,Tencent LoL Pro League,2024,Summer,16
H4cker,Ultra Prime,Tencent LoL Pro League,2024,Summer Placements,19
Hachani,KT Rolster,LoL Champions Korea,2016,Spring,40
Hachani,KT Rolster,LoL Champions Korea,2016,Summer,44
haichao,LGD Gaming,Tencent LoL Pro League,2022,Summer,23
haichao,LGD Gaming,Tencent LoL Pro League,2023,Spring,31
haichao,LGD Gaming,Tencent LoL Pro League,2023,Summer,39
haichao,LGD Gaming,Tencent LoL Pro League,2024,Spring,40
haichao,LGD Gaming,Tencent LoL Pro League,2024,Summer,19
haichao,LGD Gaming,Tencent LoL Pro League,2024,Summer Placements,14
HamBak,KT Rolster,LoL Champions Korea,2023,Summer,1
HamBak,Liiv SANDBOX,LoL Champions Korea,2022,Spring,4
Hang,FunPlus Phoenix,Tencent LoL Pro League,2022,Spring,42
Hang,FunPlus Phoenix,Tencent LoL Pro League,2022,Summer,40
Hang,LNG Esports,Tencent LoL Pro League,2023,Spring,39
Hang,LNG Esports,Tencent LoL Pro League,2023,Summer,37
Hang,LNG Esports,Tencent LoL Pro League,2024,Spring,25
Hang,LNG Esports,Tencent LoL Pro League,2024,Summer,21
Hang,LNG Esports,Tencent LoL Pro League,2024,Summer Placements,15
Hang,Rare Atom,Tencent LoL Pro League,2021,Spring,36
Hang,Rare Atom,Tencent LoL Pro League,2021,Summer,41
Hang,Vici Gaming,Tencent LoL Pro League,2020,Spring,26
Hang,Vici Gaming,Tencent LoL Pro League,2020,Summer,24
HanXuan,Newbee,Tencent LoL Pro League,2017,Summer,1
haoye,FunPlus Phoenix,Tencent LoL Pro League,2023,Spring,6
Happy,Newbee,Tencent LoL Pro League,2017,Spring,13
Happy,Newbee,Tencent LoL Pro League,2017,Summer,1
HappyY,Newbee,Tencent LoL Pro League,2016,Summer,39
Harder,Anyone's Legend,Tencent LoL Pro League,2022,Summer,2
Harder,Anyone's Legend,Tencent LoL Pro League,2023,Spring,4
Harder,Anyone's Legend,Tencent LoL Pro League,2023,Summer,26
Haro,EDward Gaming,Tencent LoL Pro League,2018,Spring,45
Haro,EDward Gaming,Tencent LoL Pro League,2018,Summer,22
Haro,EDward Gaming,Tencent LoL Pro League,2019,Spring,13
Haro,Rogue Warriors,Tencent LoL Pro League,2019,Summer,25
Haro,Rogue Warriors,Tencent LoL Pro League,2020,Spring,26
Haro,Rogue Warriors,Tencent LoL Pro League,2020,Summer,31
Haro,Rogue Warriors,Tencent LoL Pro League,2021,Spring,34
Harp,KT Rolster,LoL Champions Korea,2021,Summer,28
Haru,CJ Entus,LoL Champions Korea,2016,Summer,43
Haru,Gen.G,LoL Champions Korea,2018,Summer,18
Haru,Hanwha Life Esports,LoL Champions Korea,2020,Spring,45
Haru,Hanwha Life Esports,LoL Champions Korea,2020,Summer,16
Haru,KSV eSports,LoL Champions Korea,2018,Spring,17
Haru,Samsung Galaxy,LoL Champions Korea,2017,Spring,30
Haru,Samsung Galaxy,LoL Champions Korea,2017,Summer,7
Haru,SK Telecom T1,LoL Champions Korea,2019,Summer,4
heal (Peng Jun-Jie),Team WE,Tencent LoL Pro League,2022,Summer,17
Heart,Unlimited Potential,Tencent LoL Pro League,2015,Summer,44
Helper (Kwon Yeong-jae),Ever8 Winners,LoL Champions Korea,2017,Summer,21
Helper (Kwon Yeong-jae),Samsung Galaxy,LoL Champions Korea,2016,Summer,3
Helper (Wang Huan-Wei),Dominus Esports,Tencent LoL Pro League,2020,Summer,6
Hena,BNK FEARX,LoL Champions Korea,2024,Summer,41
Hena,BRION,LoL Champions Korea,2023,Spring,44
Hena,FearX,LoL Champions Korea,2024,Spring,43
Hena,Fredit BRION,LoL Champions Korea,2021,Spring,39
Hena,Fredit BRION,LoL Champions Korea,2021,Summer,48
Hena,Fredit BRION,LoL Champions Korea,2022,Spring,42
Hena,Fredit BRION,LoL Champions Korea,2022,Summer,39
Hena,OKSavingsBank BRION,LoL Champions Korea,2023,Summer,45
Heng,Team WE,Tencent LoL Pro League,2023,Spring,40
Heng,Team WE,Tencent LoL Pro League,2023,Summer,37
Heng,Team WE,Tencent LoL Pro League,2024,Spring,38
Heng,Team WE,Tencent LoL Pro League,2024,Summer Placements,14
Hery,Anyone's Legend,Tencent LoL Pro League,2024,Spring,41
Hery,Oh My God,Tencent LoL Pro League,2024,Summer,17
Hery,Oh My God,Tencent LoL Pro League,2024,Summer Placements,9
Hery,Ultra Prime,Tencent LoL Pro League,2022,Summer,2
Hery,Ultra Prime,Tencent LoL Pro League,2023,Spring,37
Hery,Ultra Prime,Tencent LoL Pro League,2023,Summer,38
Hetong,Vici Gaming,Tencent LoL Pro League,2015,Spring,44
Hetong,Vici Gaming,Tencent LoL Pro League,2015,Summer,31
Hetong,Vici Gaming,Tencent LoL Pro League,2017,Spring,30
Hipo,e-mFire,LoL Champions Korea,2016,Spring,14
Hipo,Kongdoo Monster,LoL Champions Korea,2016,Spring,22
Hoit,DAMWON Gaming,LoL Champions Korea,2019,Spring,29
Hoit,DAMWON Gaming,LoL Champions Korea,2019,Summer,1
Hoit,DAMWON Gaming,LoL Champions Korea,2020,Spring,13
Hoit,Kwangdong Freecs,LoL Champions Korea,2022,Spring,42
Hoit,Kwangdong Freecs,LoL Champions Korea,2022,Summer,24
Holder,Rogue Warriors,Tencent LoL Pro League,2018,Summer,9
Holder,Rogue Warriors,Tencent LoL Pro League,2019,Summer,37
Holder,Rogue Warriors,Tencent LoL Pro League,2020,Spring,14
Holder,Rogue Warriors,Tencent LoL Pro League,2020,Summer,33
Hope (Wang Jie),Anyone's Legend,Tencent LoL Pro League,2024,Spring,41
Hope (Wang Jie),Anyone's Legend,Tencent LoL Pro League,2024,Summer,19
Hope (Wang Jie),Anyone's Legend,Tencent LoL Pro League,2024,Summer Placements,18
Hope (Wang Jie),EDward Gaming,Tencent LoL Pro League,2018,Spring,3
Hope (Wang Jie),EDward Gaming,Tencent LoL Pro League,2018,Summer,3
Hope (Wang Jie),EDward Gaming,Tencent LoL Pro League,2019,Spring,7
Hope (Wang Jie),EDward Gaming,Tencent LoL Pro League,2019,Summer,2
Hope (Wang Jie),EDward Gaming,Tencent LoL Pro League,2020,Spring,41
Hope (Wang Jie),EDward Gaming,Tencent LoL Pro League,2020,Summer,33
Hope (Wang Jie),JD Gaming,Tencent LoL Pro League,2022,Spring,33
Hope (Wang Jie),JD Gaming,Tencent LoL Pro League,2022,Summer,42
Hope (Wang Jie),Team WE,Tencent LoL Pro League,2023,Spring,40
Hope (Wang Jie),Team WE,Tencent LoL Pro League,2023,Summer,37
Howling,Liiv SANDBOX,LoL Champions Korea,2022,Spring,4
Hoya,DWG KIA,LoL Champions Korea,2022,Spring,6
Hoya,Fredit BRION,LoL Champions Korea,2021,Spring,39
Hoya,Fredit BRION,LoL Champions Korea,2021,Summer,48
Hoya,Griffin (Korean Team),LoL Champions Korea,2020,Spring,8
HOYA,ThunderTalk Gaming,Tencent LoL Pro League,2022,Summer,28
HOYA,ThunderTalk Gaming,Tencent LoL Pro League,2023,Spring,36
HOYA,ThunderTalk Gaming,Tencent LoL Pro League,2023,Summer,41
HOYA,ThunderTalk Gaming,Tencent LoL Pro League,2024,Spring,37
HOYA,ThunderTalk Gaming,Tencent LoL Pro League,2024,Summer,15
HOYA,ThunderTalk Gaming,Tencent LoL Pro League,2024,Summer Placements,14
hu1,Gamtee,Tencent LoL Pro League,2015,Spring,24
hu1,Team King,Tencent LoL Pro League,2015,Summer,44
huanfeng,Royal Never Give Up,Tencent LoL Pro League,2024,Summer,17
huanfeng,Royal Never Give Up,Tencent LoL Pro League,2024,Summer Placements,14
huanfeng,Suning,Tencent LoL Pro League,2020,Spring,39
huanfeng,Suning,Tencent LoL Pro League,2020,Summer,42
huanfeng,Suning,Tencent LoL Pro League,2021,Spring,33
huanfeng,Suning,Tencent LoL Pro League,2021,Summer,42
huanfeng,ThunderTalk Gaming,Tencent LoL Pro League,2023,Spring,36
huanfeng,ThunderTalk Gaming,Tencent LoL Pro League,2023,Summer,6
huanfeng,Weibo Gaming,Tencent LoL Pro League,2022,Spring,39
huanfeng,Weibo Gaming,Tencent LoL Pro League,2022,Summer,41
Huanggai,Rogue Warriors,Tencent LoL Pro League,2019,Spring,11
Huanggai,Rogue Warriors,Tencent LoL Pro League,2019,Summer,19
HuaTian,Rogue Warriors,Tencent LoL Pro League,2019,Spring,25
HuaTian,Rogue Warriors,Tencent LoL Pro League,2019,Summer,36
Hudie,Oh My God,Tencent LoL Pro League,2019,Summer,16
Hudie,Snake Esports,Tencent LoL Pro League,2017,Summer,27
Hudie,Snake Esports,Tencent LoL Pro League,2018,Spring,45
Hudie,Snake Esports,Tencent LoL Pro League,2018,Summer,15
Huni,SK Telecom T1,LoL Champions Korea,2017,Spring,33
Huni,SK Telecom T1,LoL Champions Korea,2017,Summer,16
HwQ,Rogue Warriors,Tencent LoL Pro League,2019,Summer,1
HyBriD (Lee Woo-jin),APK Prince,LoL Champions Korea,2020,Spring,37
HyBriD (Lee Woo-jin),KT Rolster,LoL Champions Korea,2021,Spring,35
HyBriD (Lee Woo-jin),SeolHaeOne Prince,LoL Champions Korea,2020,Summer,28
Hype (Byeon Jeong-hyeon),KT Rolster,LoL Champions Korea,2023,Summer,1
HYY,Star Horn Royal Club,Tencent LoL Pro League,2015,Spring,16
ian,LGD Gaming,Tencent LoL Pro League,2019,Spring,14
Ian,MVP,LoL Champions Korea,2016,Summer,41
Ian,MVP,LoL Champions Korea,2017,Spring,45
Ian,MVP,LoL Champions Korea,2017,Summer,42
Ian,MVP,LoL Champions Korea,2018,Spring,40
Ian,MVP,LoL Champions Korea,2018,Summer,41
Ian,Vici Gaming,Tencent LoL Pro League,2019,Summer,7
iBoy,Anyone's Legend,Tencent LoL Pro League,2023,Summer,21
iBoy,EDward Gaming,Tencent LoL Pro League,2017,Summer,13
iBoy,EDward Gaming,Tencent LoL Pro League,2018,Spring,45
iBoy,EDward Gaming,Tencent LoL Pro League,2018,Summer,43
iBoy,EDward Gaming,Tencent LoL Pro League,2019,Spring,29
iBoy,EDward Gaming,Tencent LoL Pro League,2019,Summer,33
iBoy,Rare Atom,Tencent LoL Pro League,2021,Spring,36
iBoy,Rare Atom,Tencent LoL Pro League,2021,Summer,41
iBoy,Rare Atom,Tencent LoL Pro League,2022,Spring,38
iBoy,Rare Atom,Tencent LoL Pro League,2022,Summer,42
iBoy,Vici Gaming,Tencent LoL Pro League,2020,Spring,43
iBoy,Vici Gaming,Tencent LoL Pro League,2020,Summer,41
Ice (Yoon Sang-hoon),Liiv SANDBOX,LoL Champions Korea,2022,Spring,32
icecoKe,Rogue Warriors,Tencent LoL Pro League,2021,Summer,15
Iceloli,EDward Gaming,Tencent LoL Pro League,2017,Summer,2
icon,Bilibili Gaming,Tencent LoL Pro League,2022,Summer,27
icon,LNG Esports,Tencent LoL Pro League,2021,Spring,35
icon,LNG Esports,Tencent LoL Pro League,2021,Summer,44
icon,Oh My God,Tencent LoL Pro League,2016,Spring,15
icon,Oh My God,Tencent LoL Pro League,2016,Summer,34
Icon,Oh My God,Tencent LoL Pro League,2017,Spring,34
Icon,Oh My God,Tencent LoL Pro League,2017,Summer,39
icon,Oh My God,Tencent LoL Pro League,2018,Spring,42
icon,Oh My God,Tencent LoL Pro League,2018,Summer,46
icon,Oh My God,Tencent LoL Pro League,2019,Spring,34
icon,Oh My God,Tencent LoL Pro League,2019,Summer,32
icon,Oh My God,Tencent LoL Pro League,2020,Spring,38
icon,Oh My God,Tencent LoL Pro League,2020,Summer,41
IgNar,bbq Olivers,LoL Champions Korea,2018,Spring,44
IgNar,bbq Olivers,LoL Champions Korea,2018,Summer,43
IgNar,KT Rolster,LoL Champions Korea,2016,Spring,3
ikssu,Afreeca Freecs,LoL Champions Korea,2016,Spring,46
ikssu,Afreeca Freecs,LoL Champions Korea,2016,Summer,32
ikssu,APK Prince,LoL Champions Korea,2020,Spring,43
ikssu,Jin Air Green Wings,LoL Champions Korea,2017,Spring,32
ikssu,Jin Air Green Wings,LoL Champions Korea,2017,Summer,21
ikssu,SeolHaeOne Prince,LoL Champions Korea,2020,Summer,41
Imp,JD Gaming,Tencent LoL Pro League,2019,Spring,33
imp,JD Gaming,Tencent LoL Pro League,2019,Summer,36
imp,LGD Gaming,Tencent LoL Pro League,2015,Spring,44
imp,LGD Gaming,Tencent LoL Pro League,2015,Summer,44
imp,LGD Gaming,Tencent LoL Pro League,2016,Spring,36
imp,LGD Gaming,Tencent LoL Pro League,2016,Summer,38
Imp,LGD Gaming,Tencent LoL Pro League,2017,Spring,38
Imp,LGD Gaming,Tencent LoL Pro League,2017,Summer,39
Imp,LGD Gaming,Tencent LoL Pro League,2018,Spring,23
imp,Team WE,Tencent LoL Pro League,2018,Summer,2
InSec,Royal Never Give Up,Tencent LoL Pro League,2016,Spring,2
inSec,Star Horn Royal Club,Tencent LoL Pro League,2015,Spring,36
inSec,Team King,Tencent LoL Pro League,2015,Summer,36
Insulator,eStar (Chinese Team),Tencent LoL Pro League,2021,Spring,4
Intruder,LGD Gaming,Tencent LoL Pro League,2017,Spring,10
Invincible,Ninjas in Pyjamas.CN,Tencent LoL Pro League,2023,Spring,38
Invincible,Ninjas in Pyjamas.CN,Tencent LoL Pro League,2023,Summer,36
Invincible,Victory Five,Tencent LoL Pro League,2021,Spring,1
Invincible,Victory Five,Tencent LoL Pro League,2021,Summer,13
Invincible,Victory Five,Tencent LoL Pro League,2022,Spring,3
irma,eStar (Chinese Team),Tencent LoL Pro League,2020,Summer,2
irma,eStar (Chinese Team),Tencent LoL Pro League,2021,Spring,32
irma,Ultra Prime,Tencent LoL Pro League,2021,Summer,5
Irove,Griffin (Korean Team),LoL Champions Korea,2020,Spring,45
Ivory,OKSavingsBank BRION,LoL Champions Korea,2023,Summer,10
Iwandy,LNG Esports,Tencent LoL Pro League,2020,Spring,2
Iwandy,LNG Esports,Tencent LoL Pro League,2020,Summer,17
Iwandy,LNG Esports,Tencent LoL Pro League,2021,Spring,35
Iwandy,LNG Esports,Tencent LoL Pro League,2021,Summer,38
Iwandy,LNG Esports,Tencent LoL Pro League,2022,Spring,8
Iwandy,LNG Esports,Tencent LoL Pro League,2022,Summer,18
Iwandy,Royal Never Give Up,Tencent LoL Pro League,2024,Summer,12
Iwandy,Team WE,Tencent LoL Pro League,2023,Spring,40
Iwandy,Team WE,Tencent LoL Pro League,2023,Summer,37
Iwandy,Team WE,Tencent LoL Pro League,2024,Spring,38
JackeyLove,Invictus Gaming,Tencent LoL Pro League,2018,Spring,42
JackeyLove,Invictus Gaming,Tencent LoL Pro League,2018,Summer,46
JackeyLove,Invictus Gaming,Tencent LoL Pro League,2019,Spring,33
JackeyLove,Invictus Gaming,Tencent LoL Pro League,2019,Summer,41
JackeyLove,Top Esports,Tencent LoL Pro League,2020,Spring,6
JackeyLove,Top Esports,Tencent LoL Pro League,2020,Summer,35
JackeyLove,Top Esports,Tencent LoL Pro League,2021,Spring,35
JackeyLove,Top Esports,Tencent LoL Pro League,2021,Summer,38
JackeyLove,Top Esports,Tencent LoL Pro League,2022,Spring,41
JackeyLove,Top Esports,Tencent LoL Pro League,2022,Summer,38
JackeyLove,Top Esports,Tencent LoL Pro League,2023,Spring,38
JackeyLove,Top Esports,Tencent LoL Pro League,2023,Summer,38
JackeyLove,Top Esports,Tencent LoL Pro League,2024,Spring,37
JackeyLove,Top Esports,Tencent LoL Pro League,2024,Summer,17
JackeyLove,Top Esports,Tencent LoL Pro League,2024,Summer Placements,13
Jay (Chen Bo),LGD Gaming,Tencent LoL Pro League,2022,Spring,25
Jay (Chen Bo),Vici Gaming,Tencent LoL Pro League,2019,Spring,40
Jay (Chen Bo),Vici Gaming,Tencent LoL Pro League,2019,Summer,28
Jelly (Son Ho-gyeong),Afreeca Freecs,LoL Champions Korea,2019,Spring,23
Jelly (Son Ho-gyeong),Afreeca Freecs,LoL Champions Korea,2020,Spring,44
Jelly (Son Ho-gyeong),Afreeca Freecs,LoL Champions Korea,2020,Summer,2
Jerry (Zhou Ke-Xue),Oh My God,Tencent LoL Pro League,2022,Summer,7
Jerry (Zhou Ke-Xue),Oh My God,Tencent LoL Pro League,2023,Spring,2
Jett,DRX,LoL Champions Korea,2021,Summer,21
Jiangqiao,Rogue Warriors,Tencent LoL Pro League,2019,Spring,13
Jiaoyang,Unlimited Potential,Tencent LoL Pro League,2015,Summer,6
Jiejie,EDward Gaming,Tencent LoL Pro League,2019,Summer,35
Jiejie,EDward Gaming,Tencent LoL Pro League,2020,Spring,14
Jiejie,EDward Gaming,Tencent LoL Pro League,2020,Summer,27
Jiejie,EDward Gaming,Tencent LoL Pro League,2021,Spring,36
Jiejie,EDward Gaming,Tencent LoL Pro League,2021,Summer,33
Jiejie,EDward Gaming,Tencent LoL Pro League,2022,Spring,37
Jiejie,EDward Gaming,Tencent LoL Pro League,2022,Summer,27
JieJie,EDward Gaming,Tencent LoL Pro League,2023,Spring,39
JieJie,EDward Gaming,Tencent LoL Pro League,2023,Summer,41
JieJie,EDward Gaming,Tencent LoL Pro League,2024,Spring,16
JieJie,EDward Gaming,Tencent LoL Pro League,2024,Summer,18
JieJie,EDward Gaming,Tencent LoL Pro League,2024,Summer Placements,13
Jiekou,Oh My God,Tencent LoL Pro League,2017,Summer,29
Jiekou,Oh My God,Tencent LoL Pro League,2018,Spring,10
Jiekou,Oh My God,Tencent LoL Pro League,2018,Summer,19
JieZou,Energy Pacemaker.All,Tencent LoL Pro League,2016,Spring,28
Jiezou,Snake Esports,Tencent LoL Pro League,2016,Summer,37
JingYi,FunPlus Phoenix,Tencent LoL Pro League,2021,Summer,2
Jinjao,EDward Gaming,Tencent LoL Pro League,2015,Summer,2
Jinjao,I May,Tencent LoL Pro League,2017,Summer,1
Jinjiao,Bilibili Gaming,Tencent LoL Pro League,2018,Spring,43
Jinjiao,Bilibili Gaming,Tencent LoL Pro League,2018,Summer,48
Jinjiao,Bilibili Gaming,Tencent LoL Pro League,2019,Spring,37
Jinjiao,Bilibili Gaming,Tencent LoL Pro League,2019,Summer,35
Jinjiao,Bilibili Gaming,Tencent LoL Pro League,2020,Spring,42
Jinjiao,I May,Tencent LoL Pro League,2016,Summer,37
Jinjiao,I May,Tencent LoL Pro League,2017,Spring,39
Jinjiao,I May,Tencent LoL Pro League,2017,Summer,37
Jinjiao,LGD Gaming,Tencent LoL Pro League,2022,Spring,42
Jinjiao,LGD Gaming,Tencent LoL Pro League,2022,Summer,42
Jinjiao,LGD Gaming,Tencent LoL Pro League,2023,Spring,38
Jinjiao,LGD Gaming,Tencent LoL Pro League,2023,Summer,39
Jinjiao,LGD Gaming,Tencent LoL Pro League,2024,Spring,40
Jinjiao,LGD Gaming,Tencent LoL Pro League,2024,Summer,19
Jinjiao,LGD Gaming,Tencent LoL Pro League,2024,Summer Placements,14
Jinoo,EDward Gaming,Tencent LoL Pro League,2019,Summer,35
Jinoo,EDward Gaming,Tencent LoL Pro League,2020,Spring,14
Jinoo,LGD Gaming,Tencent LoL Pro League,2016,Summer,1
Jinoo,LGD Gaming,Tencent LoL Pro League,2017,Spring,18
Jinoo,LGD Gaming,Tencent LoL Pro League,2017,Summer,29
Jinoo,LGD Gaming,Tencent LoL Pro League,2018,Spring,49
Jinoo,LGD Gaming,Tencent LoL Pro League,2018,Summer,44
Jinoo,Victory Five,Tencent LoL Pro League,2019,Spring,36
Jiumeng,Team WE,Tencent LoL Pro League,2019,Summer,2
Jiumeng,Team WE,Tencent LoL Pro League,2020,Spring,41
Jiumeng,Team WE,Tencent LoL Pro League,2020,Summer,43
Jiumeng,Team WE,Tencent LoL Pro League,2021,Spring,36
Jiwoo,Nongshim RedForce,LoL Champions Korea,2023,Summer,36
Jiwoo,Nongshim RedForce,LoL Champions Korea,2024,Spring,44
Jiwoo,Nongshim RedForce,LoL Champions Korea,2024,Summer,40
Joker (Cho Jae-eup),SANDBOX Gaming,LoL Champions Korea,2019,Spring,44
Joker (Cho Jae-eup),SANDBOX Gaming,LoL Champions Korea,2019,Summer,45
Joker (Cho Jae-eup),SANDBOX Gaming,LoL Champions Korea,2020,Spring,6
juejue,Oh My God,Tencent LoL Pro League,2015,Summer,19
juejue,Oh My God,Tencent LoL Pro League,2016,Summer,35
JueJue,Oh My God,Tencent LoL Pro League,2017,Spring,10
JugGod,Victory Five,Tencent LoL Pro League,2021,Summer,3
Juhan,DRX,LoL Champions Korea,2022,Summer,3
Juhan,DRX,LoL Champions Korea,2023,Spring,15
Juhan,DRX,LoL Champions Korea,2023,Summer,18
Juice,Royal Never Give Up,Tencent LoL Pro League,2024,Summer,17
Juice,Royal Never Give Up,Tencent LoL Pro League,2024,Summer Placements,6
Jun (Yoon Se-jun),DRX,LoL Champions Korea,2021,Summer,24
Jun (Yoon Se-jun),DRX,LoL Champions Korea,2022,Spring,1
Jun (Yoon Se-jun),Kwangdong Freecs,LoL Champions Korea,2023,Spring,24
Jun (Yoon Se-jun),Kwangdong Freecs,LoL Champions Korea,2023,Summer,18
JunJia,EDward Gaming,Tencent LoL Pro League,2020,Spring,27
JunJia,EDward Gaming,Tencent LoL Pro League,2020,Summer,11
JunJia,EDward Gaming,Tencent LoL Pro League,2021,Summer,1
JunJia,EDward Gaming,Tencent LoL Pro League,2022,Summer,11
Justice,Jin Air Green Wings,LoL Champions Korea,2018,Spring,8
Justice,Jin Air Green Wings,LoL Champions Korea,2018,Summer,1
Jwei,Bilibili Gaming,Tencent LoL Pro League,2021,Spring,21
Jwei,Rare Atom,Tencent LoL Pro League,2024,Summer,16
Jwei,Rare Atom,Tencent LoL Pro League,2024,Summer Placements,14
Jwei,Ultra Prime,Tencent LoL Pro League,2024,Spring,39
Kabbie,SANDBOX Gaming,LoL Champions Korea,2020,Summer,2
Kabe,JD Gaming,Tencent LoL Pro League,2017,Summer,38
Kabe,QG Reapers,Tencent LoL Pro League,2017,Spring,38
Kael (Kim Jin-hong),Anyone's Legend,Tencent LoL Pro League,2024,Spring,41
Kael (Kim Jin-hong),Anyone's Legend,Tencent LoL Pro League,2024,Summer,19
Kael (Kim Jin-hong),Anyone's Legend,Tencent LoL Pro League,2024,Summer Placements,18
Kael (Kim Jin-hong),Liiv SANDBOX,LoL Champions Korea,2022,Spring,39
Kael (Kim Jin-hong),Liiv SANDBOX,LoL Champions Korea,2022,Summer,41
Kael (Kim Jin-hong),Liiv SANDBOX,LoL Champions Korea,2023,Spring,47
Kael (Kim Jin-hong),Liiv SANDBOX,LoL Champions Korea,2023,Summer,40
kaixuan,Rogue Warriors,Tencent LoL Pro League,2021,Spring,16
kaixuan,Rogue Warriors,Tencent LoL Pro League,2021,Summer,3
KaKAO,Invictus Gaming,Tencent LoL Pro League,2015,Spring,44
KaKAO,Invictus Gaming,Tencent LoL Pro League,2015,Summer,44
KaKAO,Jin Air Green Wings,LoL Champions Korea,2018,Summer,4
Kanavi,JD Gaming,Tencent LoL Pro League,2019,Summer,10
Kanavi,JD Gaming,Tencent LoL Pro League,2020,Spring,36
Kanavi,JD Gaming,Tencent LoL Pro League,2020,Summer,39
Kanavi,JD Gaming,Tencent LoL Pro League,2021,Spring,33
Kanavi,JD Gaming,Tencent LoL Pro League,2021,Summer,37
Kanavi,JD Gaming,Tencent LoL Pro League,2022,Spring,38
Kanavi,JD Gaming,Tencent LoL Pro League,2022,Summer,42
Kanavi,JD Gaming,Tencent LoL Pro League,2023,Spring,36
Kanavi,JD Gaming,Tencent LoL Pro League,2023,Summer,36
Kanavi,JD Gaming,Tencent LoL Pro League,2024,Spring,39
Kanavi,JD Gaming,Tencent LoL Pro League,2024,Summer,20
Kanavi,JD Gaming,Tencent LoL Pro League,2024,Summer Placements,13
Kane (Chen Hao),Oh My God,Tencent LoL Pro League,2019,Summer,22
Kane (Chen Hao),Oh My God,Tencent LoL Pro League,2021,Spring,2
kane (Li Chi Hung),Energy Pacemaker,Tencent LoL Pro League,2015,Spring,34
Karin,DAN Gaming,Tencent LoL Pro League,2017,Summer,34
Karin,Topsports Gaming,Tencent LoL Pro League,2018,Spring,25
Karis,BRION,LoL Champions Korea,2023,Spring,44
Karis,Gen.G,LoL Champions Korea,2021,Spring,3
Karis,Hanwha Life Esports,LoL Champions Korea,2022,Spring,43
Karis,Hanwha Life Esports,LoL Champions Korea,2022,Summer,46
Karis,OKSavingsBank BRION,LoL Champions Korea,2023,Summer,35
Karis,OKSavingsBank BRION,LoL Champions Korea,2024,Spring,40
Karis,OKSavingsBank BRION,LoL Champions Korea,2024,Summer,17
Karsa,Royal Never Give Up,Tencent LoL Pro League,2018,Spring,28
Karsa,Royal Never Give Up,Tencent LoL Pro League,2018,Summer,32
Karsa,Royal Never Give Up,Tencent LoL Pro League,2019,Spring,35
Karsa,Royal Never Give Up,Tencent LoL Pro League,2019,Summer,35
Karsa,Top Esports,Tencent LoL Pro League,2020,Spring,37
Karsa,Top Esports,Tencent LoL Pro League,2020,Summer,37
Karsa,Top Esports,Tencent LoL Pro League,2021,Spring,35
Karsa,Top Esports,Tencent LoL Pro League,2021,Summer,38
Karsa,Victory Five,Tencent LoL Pro League,2022,Spring,38
Karsa,Victory Five,Tencent LoL Pro League,2022,Summer,19
Karsa,Weibo Gaming,Tencent LoL Pro League,2023,Spring,39
Ke,Invictus Gaming,Tencent LoL Pro League,2022,Spring,2
Kedaya,LNG Esports,Tencent LoL Pro League,2021,Summer,6
Kedaya,Team WE,Tencent LoL Pro League,2022,Spring,40
Kedaya,Team WE,Tencent LoL Pro League,2022,Summer,22
Keine,APK Prince,LoL Champions Korea,2020,Spring,18
Keine,SeolHaeOne Prince,LoL Champions Korea,2020,Summer,8
kelin,Rogue Warriors,Tencent LoL Pro League,2021,Spring,5
Kellin,Dplus Kia,LoL Champions Korea,2023,Spring,40
Kellin,Dplus Kia,LoL Champions Korea,2023,Summer,27
Kellin,Dplus Kia,LoL Champions Korea,2024,Spring,42
Kellin,Dplus Kia,LoL Champions Korea,2024,Summer,35
Kellin,DWG KIA,LoL Champions Korea,2022,Spring,42
Kellin,DWG KIA,LoL Champions Korea,2022,Summer,36
Kellin,Gen.G,LoL Champions Korea,2020,Spring,14
Kellin,Gen.G,LoL Champions Korea,2020,Summer,7
Kellin,Jin Air Green Wings,LoL Champions Korea,2019,Spring,22
Kellin,Jin Air Green Wings,LoL Champions Korea,2019,Summer,31
Kellin,Nongshim RedForce,LoL Champions Korea,2021,Spring,42
Kellin,Nongshim RedForce,LoL Champions Korea,2021,Summer,46
Kepler,LGD Gaming,Tencent LoL Pro League,2024,Spring,13
Kepler,LGD Gaming,Tencent LoL Pro League,2024,Summer,5
Kepler,LGD Gaming,Tencent LoL Pro League,2024,Summer Placements,2
Kepler,ThunderTalk Gaming,Tencent LoL Pro League,2022,Summer,28
Kepler,Victory Five,Tencent LoL Pro League,2021,Summer,35
Keria,DragonX,LoL Champions Korea,2020,Spring,46
Keria,DRX,LoL Champions Korea,2020,Summer,45
Keria,T1,LoL Champions Korea,2021,Spring,44
Keria,T1,LoL Champions Korea,2021,Summer,44
Keria,T1,LoL Champions Korea,2022,Spring,43
Keria,T1,LoL Champions Korea,2022,Summer,44
Keria,T1,LoL Champions Korea,2023,Spring,43
Keria,T1,LoL Champions Korea,2023,Summer,42
Keria,T1,LoL Champions Korea,2024,Spring,40
Keria,T1,LoL Champions Korea,2024,Summer,44
Key,ESC Ever,LoL Champions Korea,2016,Summer,33
Key,Hanwha Life Esports,LoL Champions Korea,2018,Summer,45
key,Hanwha Life Esports,LoL Champions Korea,2019,Spring,41
key,Hanwha Life Esports,LoL Champions Korea,2019,Summer,42
Key,ROX Tigers,LoL Champions Korea,2017,Spring,47
Key,ROX Tigers,LoL Champions Korea,2017,Summer,44
Key,ROX Tigers,LoL Champions Korea,2018,Spring,45
Khan,DWG KIA,LoL Champions Korea,2021,Spring,43
Khan,DWG KIA,LoL Champions Korea,2021,Summer,43
Khan,FunPlus Phoenix,Tencent LoL Pro League,2020,Spring,13
Khan,FunPlus Phoenix,Tencent LoL Pro League,2020,Summer,31
Khan,Kingzone DragonX,LoL Champions Korea,2018,Spring,33
Khan,Kingzone DragonX,LoL Champions Korea,2018,Summer,40
Khan,Longzhu Gaming,LoL Champions Korea,2017,Summer,43
Khan,SK Telecom T1,LoL Champions Korea,2019,Spring,44
Khan,SK Telecom T1,LoL Champions Korea,2019,Summer,43
Kid,Invictus Gaming,Tencent LoL Pro League,2015,Spring,44
Kid,Invictus Gaming,Tencent LoL Pro League,2015,Summer,36
Kid,Invictus Gaming,Tencent LoL Pro League,2016,Spring,39
Kid,Invictus Gaming,Tencent LoL Pro League,2016,Summer,41
KidKid,Invictus Gaming,Tencent LoL Pro League,2017,Spring,37
KidKid,Invictus Gaming,Tencent LoL Pro League,2017,Summer,4
KidKid,Invictus Gaming,Tencent LoL Pro League,2018,Spring,1
Kiin,Afreeca Freecs,LoL Champions Korea,2018,Spring,41
Kiin,Afreeca Freecs,LoL Champions Korea,2018,Summer,46
Kiin,Afreeca Freecs,LoL Champions Korea,2019,Spring,43
Kiin,Afreeca Freecs,LoL Champions Korea,2019,Summer,46
Kiin,Afreeca Freecs,LoL Champions Korea,2020,Spring,46
Kiin,Afreeca Freecs,LoL Champions Korea,2020,Summer,41
Kiin,Afreeca Freecs,LoL Champions Korea,2021,Spring,42
Kiin,Afreeca Freecs,LoL Champions Korea,2021,Summer,46
Kiin,Ever8 Winners,LoL Champions Korea,2017,Summer,20
Kiin,Gen.G,LoL Champions Korea,2024,Spring,39
Kiin,Gen.G,LoL Champions Korea,2024,Summer,38
Kiin,KT Rolster,LoL Champions Korea,2023,Spring,43
Kiin,KT Rolster,LoL Champions Korea,2023,Summer,40
Kiin,Kwangdong Freecs,LoL Champions Korea,2022,Spring,42
Kiin,Kwangdong Freecs,LoL Champions Korea,2022,Summer,42
Killua,LGD Gaming,Tencent LoL Pro League,2020,Spring,23
Killua,LGD Gaming,Tencent LoL Pro League,2020,Summer,1
Killua,Rogue Warriors,Tencent LoL Pro League,2018,Spring,42
Killua,Rogue Warriors,Tencent LoL Pro League,2018,Summer,46
Killua,Rogue Warriors,Tencent LoL Pro League,2019,Spring,22
Killua,Rogue Warriors,Tencent LoL Pro League,2019,Summer,18
Kine,Bilibili Gaming,Tencent LoL Pro League,2019,Spring,5
Kingen,Bilibili Gaming,Tencent LoL Pro League,2020,Spring,34
Kingen,Bilibili Gaming,Tencent LoL Pro League,2020,Summer,31
Kingen,Dplus Kia,LoL Champions Korea,2024,Spring,42
Kingen,Dplus Kia,LoL Champions Korea,2024,Summer,45
Kingen,DRX,LoL Champions Korea,2021,Spring,47
Kingen,DRX,LoL Champions Korea,2021,Summer,43
Kingen,DRX,LoL Champions Korea,2022,Spring,40
Kingen,DRX,LoL Champions Korea,2022,Summer,45
Kingen,Hanwha Life Esports,LoL Champions Korea,2023,Spring,45
Kingen,Hanwha Life Esports,LoL Champions Korea,2023,Summer,41
Kingen,KT Rolster,LoL Champions Korea,2018,Summer,1
Kingen,KT Rolster,LoL Champions Korea,2019,Spring,13
Kingen,KT Rolster,LoL Champions Korea,2019,Summer,24
Kitties,Invictus Gaming,Tencent LoL Pro League,2015,Spring,44
Kitties,Invictus Gaming,Tencent LoL Pro League,2015,Summer,44
Kitties,Invictus Gaming,Tencent LoL Pro League,2016,Spring,39
Kitties,Invictus Gaming,Tencent LoL Pro League,2016,Summer,1
Kiwi,Rogue Warriors,Tencent LoL Pro League,2018,Summer,9
knight (Zhuo Ding),Bilibili Gaming,Tencent LoL Pro League,2024,Spring,35
knight (Zhuo Ding),Bilibili Gaming,Tencent LoL Pro League,2024,Summer,22
knight (Zhuo Ding),Bilibili Gaming,Tencent LoL Pro League,2024,Summer Placements,14
knight (Zhuo Ding),JD Gaming,Tencent LoL Pro League,2023,Spring,36
knight (Zhuo Ding),JD Gaming,Tencent LoL Pro League,2023,Summer,35
Knight (Zhuo Ding),Suning,Tencent LoL Pro League,2018,Spring,48
knight (Zhuo Ding),Top Esports,Tencent LoL Pro League,2020,Spring,37
knight (Zhuo Ding),Top Esports,Tencent LoL Pro League,2020,Summer,37
knight (Zhuo Ding),Top Esports,Tencent LoL Pro League,2021,Spring,35
knight (Zhuo Ding),Top Esports,Tencent LoL Pro League,2021,Summer,38
knight (Zhuo Ding),Top Esports,Tencent LoL Pro League,2022,Spring,41
knight (Zhuo Ding),Top Esports,Tencent LoL Pro League,2022,Summer,38
Knight9,Top Esports,Tencent LoL Pro League,2019,Summer,35
Knight9,Topsports Gaming,Tencent LoL Pro League,2019,Spring,36
KongMing,Rogue Warriors,Tencent LoL Pro League,2019,Spring,10
Koro1,EDward Gaming,Tencent LoL Pro League,2015,Spring,44
Koro1,EDward Gaming,Tencent LoL Pro League,2015,Summer,28
Koro1,EDward Gaming,Tencent LoL Pro League,2016,Spring,35
Koro1,EDward Gaming,Tencent LoL Pro League,2017,Spring,6
Korol,Royal Never Give Up,Tencent LoL Pro League,2017,Summer,8
Kramer,Afreeca Freecs,LoL Champions Korea,2017,Spring,46
Kramer,Afreeca Freecs,LoL Champions Korea,2017,Summer,48
Kramer,Afreeca Freecs,LoL Champions Korea,2018,Spring,34
Kramer,Afreeca Freecs,LoL Champions Korea,2018,Summer,11
Kramer,CJ Entus,LoL Champions Korea,2016,Spring,46
Kramer,CJ Entus,LoL Champions Korea,2016,Summer,42
Kramer,LGD Gaming,Tencent LoL Pro League,2019,Spring,38
Kramer,LGD Gaming,Tencent LoL Pro League,2019,Summer,37
Kramer,LGD Gaming,Tencent LoL Pro League,2020,Spring,38
Kramer,LGD Gaming,Tencent LoL Pro League,2020,Summer,40
Kramer,LGD Gaming,Tencent LoL Pro League,2021,Spring,32
Kramer,LGD Gaming,Tencent LoL Pro League,2021,Summer,37
kRYST4L,Oh My God,Tencent LoL Pro League,2019,Summer,12
kRYST4L,Snake Esports,Tencent LoL Pro League,2015,Spring,44
kRYST4L,Snake Esports,Tencent LoL Pro League,2015,Summer,26
kRYST4L,Snake Esports,Tencent LoL Pro League,2016,Spring,32
kRYST4L,Snake Esports,Tencent LoL Pro League,2016,Summer,5
kRYST4L,Snake Esports,Tencent LoL Pro League,2017,Spring,25
kRYST4L,Snake Esports,Tencent LoL Pro League,2017,Summer,30
kRYST4L,Snake Esports,Tencent LoL Pro League,2018,Spring,41
kRYST4L,Snake Esports,Tencent LoL Pro League,2018,Summer,3
Kui,LGD Gaming,Tencent LoL Pro League,2019,Summer,4
Kui,LGD Gaming,Tencent LoL Pro League,2021,Spring,33
Kui,LGD Gaming,Tencent LoL Pro League,2022,Spring,2
Kui,LGD Gaming,Tencent LoL Pro League,2022,Summer,18
Kuma (Park Hyeon-gyu),SeolHaeOne Prince,LoL Champions Korea,2020,Summer,9
Kuri,T1,LoL Champions Korea,2020,Summer,2
Kuro,Afreeca Freecs,LoL Champions Korea,2017,Spring,46
Kuro,Afreeca Freecs,LoL Champions Korea,2017,Summer,48
Kuro,Afreeca Freecs,LoL Champions Korea,2018,Spring,41
Kuro,Afreeca Freecs,LoL Champions Korea,2018,Summer,46
Kuro,Bilibili Gaming,Tencent LoL Pro League,2019,Spring,37
Kuro,Bilibili Gaming,Tencent LoL Pro League,2019,Summer,35
Kuro,KT Rolster,LoL Champions Korea,2020,Spring,46
Kuro,KT Rolster,LoL Champions Korea,2020,Summer,25
Kuro,ROX Tigers,LoL Champions Korea,2016,Spring,41
Kuro,ROX Tigers,LoL Champions Korea,2016,Summer,28
Kuzan,Gen.G,LoL Champions Korea,2019,Summer,19
Kuzan,Hanwha Life Esports,LoL Champions Korea,2018,Summer,1
Kuzan,Jin Air Green Wings,LoL Champions Korea,2016,Spring,42
Kuzan,Jin Air Green Wings,LoL Champions Korea,2016,Summer,37
Kuzan,Jin Air Green Wings,LoL Champions Korea,2017,Spring,44
Kuzan,Jin Air Green Wings,LoL Champions Korea,2017,Summer,42
Kuzan,ROX Tigers,LoL Champions Korea,2018,Spring,2
Kuzan,Team Dynamics,LoL Champions Korea,2020,Summer,44
Kyeahoo,DRX,LoL Champions Korea,2023,Summer,9
kyeahoo,DRX,LoL Champions Korea,2024,Spring,18
kyeahoo,DRX,LoL Champions Korea,2024,Summer,31
l3est16,Bilibili Gaming,Tencent LoL Pro League,2020,Summer,12
l3est16,Oh My God,Tencent LoL Pro League,2019,Spring,18
Langx,LGD Gaming,Tencent LoL Pro League,2020,Summer,39
Langx,Royal Never Give Up,Tencent LoL Pro League,2019,Summer,31
Langx,Royal Never Give Up,Tencent LoL Pro League,2020,Spring,38
Langx,ThunderTalk Gaming,Tencent LoL Pro League,2021,Summer,26
LANGX,Victory Five,Tencent LoL Pro League,2021,Spring,31
Lava,Fredit BRION,LoL Champions Korea,2021,Spring,28
Lava,Fredit BRION,LoL Champions Korea,2021,Summer,45
Lava,Fredit BRION,LoL Champions Korea,2022,Spring,42
Lava,Fredit BRION,LoL Champions Korea,2022,Summer,42
Lava,Hanwha Life Esports,LoL Champions Korea,2018,Summer,45
Lava,Hanwha Life Esports,LoL Champions Korea,2019,Spring,22
Lava,Hanwha Life Esports,LoL Champions Korea,2019,Summer,22
Lava,Hanwha Life Esports,LoL Champions Korea,2020,Spring,11
Lava,Hanwha Life Esports,LoL Champions Korea,2020,Summer,14
Lava,ROX Tigers,LoL Champions Korea,2017,Summer,21
Lava,ROX Tigers,LoL Champions Korea,2018,Spring,43
Lazarus,Masters 3,Tencent LoL Pro League,2016,Spring,1
Leaper,Kwangdong Freecs,LoL Champions Korea,2024,Summer,44
Leave,EDward Gaming,Tencent LoL Pro League,2023,Spring,39
Leave,EDward Gaming,Tencent LoL Pro League,2023,Summer,8
Leave,EDward Gaming,Tencent LoL Pro League,2024,Spring,7
Leave,EDward Gaming,Tencent LoL Pro League,2024,Summer,18
Leave,EDward Gaming,Tencent LoL Pro League,2024,Summer Placements,13
Lehends,Afreeca Freecs,LoL Champions Korea,2021,Spring,41
Lehends,Afreeca Freecs,LoL Champions Korea,2021,Summer,46
Lehends,Gen.G,LoL Champions Korea,2022,Spring,35
Lehends,Gen.G,LoL Champions Korea,2022,Summer,40
Lehends,Gen.G,LoL Champions Korea,2024,Spring,39
Lehends,Gen.G,LoL Champions Korea,2024,Summer,38
Lehends,Griffin (Korean Team),LoL Champions Korea,2018,Summer,41
Lehends,Griffin (Korean Team),LoL Champions Korea,2019,Spring,39
Lehends,Griffin (Korean Team),LoL Champions Korea,2019,Summer,42
Lehends,Hanwha Life Esports,LoL Champions Korea,2020,Spring,45
Lehends,Hanwha Life Esports,LoL Champions Korea,2020,Summer,42
Lehends,KT Rolster,LoL Champions Korea,2023,Spring,43
Lehends,KT Rolster,LoL Champions Korea,2023,Summer,40
Lele (Dang Bo-Lin),FunPlus Phoenix,Tencent LoL Pro League,2023,Spring,15
Leo (Dai Cheng),Gamtee,Tencent LoL Pro League,2015,Spring,8
Leo (Han Gyeo-re),Afreeca Freecs,LoL Champions Korea,2021,Summer,46
Leo (Han Gyeo-re),Liiv SANDBOX,LoL Champions Korea,2021,Spring,9
Leo (Han Gyeo-re),SANDBOX Gaming,LoL Champions Korea,2020,Spring,19
Leo (Han Gyeo-re),SK Telecom T1,LoL Champions Korea,2018,Summer,3
LetMe,Gamtee,Tencent LoL Pro League,2015,Spring,44
LetMe,Royal Never Give Up,Tencent LoL Pro League,2015,Summer,30
LetMe,Royal Never Give Up,Tencent LoL Pro League,2016,Spring,2
Letme,Royal Never Give Up,Tencent LoL Pro League,2017,Spring,39
Letme,Royal Never Give Up,Tencent LoL Pro League,2017,Summer,30
Letme,Royal Never Give Up,Tencent LoL Pro League,2018,Spring,25
Letme,Royal Never Give Up,Tencent LoL Pro League,2018,Summer,33
Levi,JD Gaming,Tencent LoL Pro League,2019,Spring,5
Ley,Rogue Warriors,Tencent LoL Pro League,2020,Spring,40
Ley,Rogue Warriors,Tencent LoL Pro League,2020,Summer,33
LeY,Royal Never Give Up,Tencent LoL Pro League,2015,Summer,44
Ley,Royal Never Give Up,Tencent LoL Pro League,2016,Spring,2
Ley,Victory Five,Tencent LoL Pro League,2019,Spring,25
Leyan,Invictus Gaming,Tencent LoL Pro League,2019,Summer,5
Leyan,Invictus Gaming,Tencent LoL Pro League,2020,Spring,27
leyan,Invictus Gaming,Tencent LoL Pro League,2024,Spring,27
Leyan,Ninjas in Pyjamas.CN,Tencent LoL Pro League,2024,Summer,3
Leyan,Rare Atom,Tencent LoL Pro League,2021,Spring,32
Leyan,Rare Atom,Tencent LoL Pro League,2021,Summer,41
Leyan,Rare Atom,Tencent LoL Pro League,2022,Spring,38
Leyan,Rare Atom,Tencent LoL Pro League,2022,Summer,42
Leyan,Rare Atom,Tencent LoL Pro League,2023,Spring,40
Leyan,Rare Atom,Tencent LoL Pro League,2023,Summer,37
Leyan,Vici Gaming,Tencent LoL Pro League,2020,Summer,22
Leyn,Team King,Tencent LoL Pro League,2015,Spring,44
Lies (Guo Hao-Tian),DAN Gaming,Tencent LoL Pro League,2017,Summer,32
Lies (Guo Hao-Tian),LGD Gaming,Tencent LoL Pro League,2019,Spring,34
Lies (Guo Hao-Tian),LGD Gaming,Tencent LoL Pro League,2019,Summer,24
Lies (Guo Hao-Tian),LGD Gaming,Tencent LoL Pro League,2020,Spring,29
Lies (Guo Hao-Tian),Topsports Gaming,Tencent LoL Pro League,2018,Spring,8
Lies (Guo Hao-Tian),Topsports Gaming,Tencent LoL Pro League,2018,Summer,19
Life,FunPlus Phoenix,Tencent LoL Pro League,2024,Spring,40
Life,FunPlus Phoenix,Tencent LoL Pro League,2024,Summer,19
Life,FunPlus Phoenix,Tencent LoL Pro League,2024,Summer Placements,14
Life,Gen.G,LoL Champions Korea,2019,Spring,44
Life,Gen.G,LoL Champions Korea,2019,Summer,44
Life,Gen.G,LoL Champions Korea,2020,Spring,30
Life,Gen.G,LoL Champions Korea,2020,Summer,36
Life,Gen.G,LoL Champions Korea,2021,Spring,44
Life,Gen.G,LoL Champions Korea,2021,Summer,46
Life,Hanwha Life Esports,LoL Champions Korea,2023,Spring,45
Life,Hanwha Life Esports,LoL Champions Korea,2023,Summer,41
Life,KT Rolster,LoL Champions Korea,2022,Spring,43
Life,KT Rolster,LoL Champions Korea,2022,Summer,45
Light (Wang Guang-Yu),LNG Esports,Tencent LoL Pro League,2020,Spring,15
Light (Wang Guang-Yu),LNG Esports,Tencent LoL Pro League,2020,Summer,36
Light (Wang Guang-Yu),LNG Esports,Tencent LoL Pro League,2021,Spring,35
Light (Wang Guang-Yu),LNG Esports,Tencent LoL Pro League,2021,Summer,38
Light (Wang Guang-Yu),LNG Esports,Tencent LoL Pro League,2022,Spring,42
Light (Wang Guang-Yu),LNG Esports,Tencent LoL Pro League,2022,Summer,39
Light (Wang Guang-Yu),Snake Esports,Tencent LoL Pro League,2018,Spring,4
Light (Wang Guang-Yu),Snake Esports,Tencent LoL Pro League,2018,Summer,33
Light (Wang Guang-Yu),Weibo Gaming,Tencent LoL Pro League,2023,Spring,39
Light (Wang Guang-Yu),Weibo Gaming,Tencent LoL Pro League,2023,Summer,39
Light (Wang Guang-Yu),Weibo Gaming,Tencent LoL Pro League,2024,Spring,37
Light (Wang Guang-Yu),Weibo Gaming,Tencent LoL Pro League,2024,Summer,18
Light (Wang Guang-Yu),Weibo Gaming,Tencent LoL Pro League,2024,Summer Placements,19
Lindarang,Afreeca Freecs,LoL Champions Korea,2016,Summer,11
Lindarang,Hanwha Life Esports,LoL Champions Korea,2018,Summer,45
Lindarang,Jin Air Green Wings,LoL Champions Korea,2019,Spring,28
Lindarang,Jin Air Green Wings,LoL Champions Korea,2019,Summer,28
Lindarang,ROX Tigers,LoL Champions Korea,2017,Spring,19
Lindarang,ROX Tigers,LoL Champions Korea,2017,Summer,33
Lindarang,ROX Tigers,LoL Champions Korea,2018,Spring,45
Linfeng,Oh My God,Tencent LoL Pro League,2024,Spring,3
Linfeng,Oh My God,Tencent LoL Pro League,2024,Summer Placements,3
LirA,Afreeca Freecs,LoL Champions Korea,2016,Spring,46
LirA,Afreeca Freecs,LoL Champions Korea,2016,Summer,36
Listo,Fredit BRION,LoL Champions Korea,2022,Spring,2
LokeN,ESC Ever,LoL Champions Korea,2016,Summer,45
Loken,JD Gaming,Tencent LoL Pro League,2017,Summer,30
Loken,JD Gaming,Tencent LoL Pro League,2018,Spring,26
LokeN,JD Gaming,Tencent LoL Pro League,2018,Summer,50
LokeN,JD Gaming,Tencent LoL Pro League,2020,Spring,36
LokeN,JD Gaming,Tencent LoL Pro League,2020,Summer,39
LokeN,JD Gaming,Tencent LoL Pro League,2021,Spring,33
LokeN,JD Gaming,Tencent LoL Pro League,2021,Summer,32
Loken,QG Reapers,Tencent LoL Pro League,2017,Spring,1
LokeN,Top Esports,Tencent LoL Pro League,2019,Summer,35
LokeN,Topsports Gaming,Tencent LoL Pro League,2019,Spring,36
Lonely (Han Gyu-joon),SANDBOX Gaming,LoL Champions Korea,2020,Spring,12
Loong,Unlimited Potential,Tencent LoL Pro League,2015,Summer,44
Loong,Vici Gaming,Tencent LoL Pro League,2016,Spring,40
Loong,Vici Gaming,Tencent LoL Pro League,2016,Summer,37
Loong,Vici Gaming,Tencent LoL Pro League,2017,Spring,35
Loong,Vici Gaming,Tencent LoL Pro League,2018,Spring,18
Looper,Masters 3,Tencent LoL Pro League,2015,Spring,44
Looper,Masters 3,Tencent LoL Pro League,2015,Summer,44
Looper,Royal Never Give Up,Tencent LoL Pro League,2016,Spring,36
Looper,Royal Never Give Up,Tencent LoL Pro League,2016,Summer,40
Loopy,Fredit BRION,LoL Champions Korea,2022,Spring,2
Lospa,Gen.G,LoL Champions Korea,2022,Spring,5
Lovecd,Masters 3,Tencent LoL Pro League,2015,Spring,44
Lovecd,Masters 3,Tencent LoL Pro League,2015,Summer,34
LoveLing,Oh My God,Tencent LoL Pro League,2015,Spring,44
LoveLing,Oh My God,Tencent LoL Pro League,2015,Summer,25
LoveZrr,Royal Never Give Up,Tencent LoL Pro League,2019,Summer,4
LP,LNG Esports,Tencent LoL Pro League,2021,Summer,6
LP,LNG Esports,Tencent LoL Pro League,2023,Spring,39
LP,Royal Never Give Up,Tencent LoL Pro League,2023,Summer,40
LP,Royal Never Give Up,Tencent LoL Pro League,2024,Spring,2
LP,Team WE,Tencent LoL Pro League,2024,Summer Placements,11
Lpc,JD Gaming,Tencent LoL Pro League,2021,Summer,5
Lpc,JD Gaming,Tencent LoL Pro League,2022,Spring,5
Lpc,LGD Gaming,Tencent LoL Pro League,2023,Spring,38
Lpc,LGD Gaming,Tencent LoL Pro League,2023,Summer,18
Lucas (Li Tan-Pan-Ao),Invictus Gaming,Tencent LoL Pro League,2019,Summer,8
Lucas (Li Tan-Pan-Ao),Invictus Gaming,Tencent LoL Pro League,2021,Spring,23
Lucas (Li Tan-Pan-Ao),Invictus Gaming,Tencent LoL Pro League,2021,Summer,33
Lucas (Li Tan-Pan-Ao),Invictus Gaming,Tencent LoL Pro League,2022,Spring,36
Lucid (Choi Yong-hyeok),Dplus Kia,LoL Champions Korea,2024,Spring,42
Lucid (Choi Yong-hyeok),Dplus Kia,LoL Champions Korea,2024,Summer,45
Luo (Luo Ci-rui),Oh My God,Tencent LoL Pro League,2015,Spring,22
Luo (Luo Ci-rui),Oh My God,Tencent LoL Pro League,2016,Spring,3
Luo (Luo Ci-rui),Oh My God,Tencent LoL Pro League,2016,Summer,1
Luo (Yin Peng),Energy Pacemaker,Tencent LoL Pro League,2015,Spring,6
LvMao,JD Gaming,Tencent LoL Pro League,2017,Summer,36
LvMao,JD Gaming,Tencent LoL Pro League,2018,Spring,48
LvMao,JD Gaming,Tencent LoL Pro League,2018,Summer,50
LvMao,JD Gaming,Tencent LoL Pro League,2019,Spring,38
LvMao,JD Gaming,Tencent LoL Pro League,2019,Summer,34
LvMao,JD Gaming,Tencent LoL Pro League,2020,Spring,36
LvMao,JD Gaming,Tencent LoL Pro League,2020,Summer,39
LvMao,JD Gaming,Tencent LoL Pro League,2021,Spring,33
LvMao,JD Gaming,Tencent LoL Pro League,2021,Summer,37
LvMao,LNG Esports,Tencent LoL Pro League,2022,Spring,34
LvMao,LNG Esports,Tencent LoL Pro League,2022,Summer,21
LvMao,Royal Never Give Up,Tencent LoL Pro League,2023,Summer,40
lwx,FunPlus Phoenix,Tencent LoL Pro League,2018,Spring,45
Lwx,FunPlus Phoenix,Tencent LoL Pro League,2018,Summer,46
Lwx,FunPlus Phoenix,Tencent LoL Pro League,2019,Spring,38
Lwx,FunPlus Phoenix,Tencent LoL Pro League,2019,Summer,33
Lwx,FunPlus Phoenix,Tencent LoL Pro League,2020,Spring,40
Lwx,FunPlus Phoenix,Tencent LoL Pro League,2020,Summer,38
Lwx,FunPlus Phoenix,Tencent LoL Pro League,2021,Spring,35
Lwx,FunPlus Phoenix,Tencent LoL Pro League,2021,Summer,39
Lwx,FunPlus Phoenix,Tencent LoL Pro League,2022,Spring,42
Lwx,FunPlus Phoenix,Tencent LoL Pro League,2022,Summer,40
Lwx,FunPlus Phoenix,Tencent LoL Pro League,2023,Spring,39
Lwx,FunPlus Phoenix,Tencent LoL Pro League,2023,Summer,37
Lwx,Newbee,Tencent LoL Pro League,2017,Spring,29
Lwx,Newbee,Tencent LoL Pro League,2017,Summer,31
Lwx,Royal Never Give Up,Tencent LoL Pro League,2024,Spring,34
Lz (Li Zhen),Suning,Tencent LoL Pro League,2017,Summer,2
Lzq,JD Gaming,Tencent LoL Pro League,2023,Summer,1
M1anhua,Bilibili Gaming,Tencent LoL Pro League,2018,Summer,13
M1kuya,LNG Esports,Tencent LoL Pro League,2021,Spring,28
M1kuya,LNG Esports,Tencent LoL Pro League,2021,Summer,1
MadLife,CJ Entus,LoL Champions Korea,2016,Spring,46
MadLife,CJ Entus,LoL Champions Korea,2016,Summer,44
Maestr0,Oh My God,Tencent LoL Pro League,2018,Spring,6
Maestro (Hu Jian-Xin),LNG Esports,Tencent LoL Pro League,2019,Summer,5
Maestro (Hu Jian-Xin),Snake Esports,Tencent LoL Pro League,2018,Summer,43
Maestro (Hu Jian-Xin),Snake Esports,Tencent LoL Pro League,2019,Spring,38
Maestro (Hu Jian-Xin),Vici Gaming,Tencent LoL Pro League,2020,Spring,17
Maestro (Hu Jian-Xin),Vici Gaming,Tencent LoL Pro League,2020,Summer,17
Magic (Zhou Jun-Xuan),Team WE,Tencent LoL Pro League,2018,Spring,32
Magic (Zhou Jun-Xuan),Team WE,Tencent LoL Pro League,2018,Summer,2
Magic (Zhou Jun-Xuan),Team WE,Tencent LoL Pro League,2019,Spring,9
MaHa,MVP,LoL Champions Korea,2016,Summer,41
MaHa,MVP,LoL Champions Korea,2017,Spring,45
MaHa,MVP,LoL Champions Korea,2017,Summer,42
MaHa,MVP,LoL Champions Korea,2018,Spring,14
MaHa,MVP,LoL Champions Korea,2018,Summer,5
Maidong,Saint Gaming,Tencent LoL Pro League,2016,Summer,11
Mala,Snake Esports,Tencent LoL Pro League,2019,Spring,21
Malrang,DWG KIA,LoL Champions Korea,2021,Summer,10
Malrang,Ever8 Winners,LoL Champions Korea,2017,Summer,39
Malrang,Jin Air Green Wings,LoL Champions Korea,2019,Spring,24
Malrang,Jin Air Green Wings,LoL Champions Korea,2019,Summer,35
Malrang,KT Rolster,LoL Champions Korea,2020,Spring,5
Malrang,KT Rolster,LoL Champions Korea,2020,Summer,10
Maple (Huang Yi-Tang),Anyone's Legend,Tencent LoL Pro League,2022,Spring,10
Maple (Huang Yi-Tang),LNG Esports,Tencent LoL Pro League,2020,Spring,41
Maple (Huang Yi-Tang),LNG Esports,Tencent LoL Pro League,2020,Summer,36
Maple (Huang Yi-Tang),Suning,Tencent LoL Pro League,2019,Spring,29
Maple (Huang Yi-Tang),Suning,Tencent LoL Pro League,2019,Summer,34
MapSSi,Afreeca Freecs,LoL Champions Korea,2021,Spring,1
march,Hyper Youth Gaming,Tencent LoL Pro League,2016,Spring,15
March,Saint Gaming,Tencent LoL Pro League,2016,Summer,18
Marge,Invictus Gaming,Tencent LoL Pro League,2016,Summer,17
Marge,Invictus Gaming,Tencent LoL Pro League,2017,Spring,37
MaRin,Afreeca Freecs,LoL Champions Korea,2017,Spring,46
MaRin,Afreeca Freecs,LoL Champions Korea,2017,Summer,48
MaRin,LGD Gaming,Tencent LoL Pro League,2016,Spring,35
MaRin,LGD Gaming,Tencent LoL Pro League,2016,Summer,37
MaRin,Topsports Gaming,Tencent LoL Pro League,2018,Spring,25
MaRin,Topsports Gaming,Tencent LoL Pro League,2018,Summer,5
Mark (Ling Xu),Bilibili Gaming,Tencent LoL Pro League,2021,Spring,17
Mark (Ling Xu),Dominus Esports,Tencent LoL Pro League,2019,Summer,36
Mark (Ling Xu),Dominus Esports,Tencent LoL Pro League,2020,Spring,35
Mark (Ling Xu),LGD Gaming,Tencent LoL Pro League,2020,Summer,39
Mark (Ling Xu),LGD Gaming,Tencent LoL Pro League,2021,Summer,37
Mark (Ling Xu),LNG Esports,Tencent LoL Pro League,2024,Spring,16
Mark (Ling Xu),SinoDragon Gaming,Tencent LoL Pro League,2019,Spring,34
Mark (Ling Xu),Team WE,Tencent LoL Pro League,2024,Summer,15
Mark (Ling Xu),Team WE,Tencent LoL Pro League,2024,Summer Placements,14
Mark (Ling Xu),Top Esports,Tencent LoL Pro League,2022,Spring,28
Mark (Ling Xu),Top Esports,Tencent LoL Pro League,2022,Summer,38
Mark (Ling Xu),Top Esports,Tencent LoL Pro League,2023,Spring,38
Mark (Ling Xu),Top Esports,Tencent LoL Pro League,2023,Summer,38
Martin (Tan Qi),Snake Esports,Tencent LoL Pro League,2015,Summer,18
Martin (Tan Qi),Snake Esports,Tencent LoL Pro League,2016,Spring,9
Martin (Tan Qi),Snake Esports,Tencent LoL Pro League,2016,Summer,33
Martin (Tan Qi),Vici Gaming,Tencent LoL Pro League,2018,Spring,29
Martin (Tan Qi),Vici Gaming,Tencent LoL Pro League,2018,Summer,14
Mata,KT Rolster,LoL Champions Korea,2017,Spring,44
Mata,KT Rolster,LoL Champions Korea,2017,Summer,47
Mata,KT Rolster,LoL Champions Korea,2018,Spring,43
Mata,KT Rolster,LoL Champions Korea,2018,Summer,43
Mata,Royal Never Give Up,Tencent LoL Pro League,2016,Spring,36
Mata,Royal Never Give Up,Tencent LoL Pro League,2016,Summer,40
Mata,SK Telecom T1,LoL Champions Korea,2019,Spring,44
Mata,SK Telecom T1,LoL Champions Korea,2019,Summer,16
Mata,Vici Gaming,Tencent LoL Pro League,2015,Spring,44
Mata,Vici Gaming,Tencent LoL Pro League,2015,Summer,44
Max (Jeong Jong-bin),MVP,LoL Champions Korea,2016,Summer,41
Max (Jeong Jong-bin),MVP,LoL Champions Korea,2017,Spring,45
Max (Jeong Jong-bin),MVP,LoL Champions Korea,2017,Summer,42
Max (Jeong Jong-bin),MVP,LoL Champions Korea,2018,Spring,40
Max (Jeong Jong-bin),MVP,LoL Champions Korea,2018,Summer,36
Max (Li Xiao-Qiang),Victory Five,Tencent LoL Pro League,2019,Summer,35
Max (Li Xiao-Qiang),Victory Five,Tencent LoL Pro League,2020,Spring,16
Megan,Invictus Gaming,Tencent LoL Pro League,2017,Spring,39
Megan,Invictus Gaming,Tencent LoL Pro League,2017,Summer,39
meiko,EDward Gaming,Tencent LoL Pro League,2015,Spring,36
Meiko,EDward Gaming,Tencent LoL Pro League,2015,Summer,44
Meiko,EDward Gaming,Tencent LoL Pro League,2016,Spring,35
Meiko,EDward Gaming,Tencent LoL Pro League,2016,Summer,37
Meiko,EDward Gaming,Tencent LoL Pro League,2017,Spring,40
Meiko,EDward Gaming,Tencent LoL Pro League,2017,Summer,35
Meiko,EDward Gaming,Tencent LoL Pro League,2018,Spring,48
Meiko,EDward Gaming,Tencent LoL Pro League,2018,Summer,46
Meiko,EDward Gaming,Tencent LoL Pro League,2019,Spring,36
Meiko,EDward Gaming,Tencent LoL Pro League,2019,Summer,35
Meiko,EDward Gaming,Tencent LoL Pro League,2020,Spring,41
Meiko,EDward Gaming,Tencent LoL Pro League,2020,Summer,38
Meiko,EDward Gaming,Tencent LoL Pro League,2021,Spring,36
Meiko,EDward Gaming,Tencent LoL Pro League,2021,Summer,35
Meiko,EDward Gaming,Tencent LoL Pro League,2022,Spring,37
Meiko,EDward Gaming,Tencent LoL Pro League,2022,Summer,38
Meiko,EDward Gaming,Tencent LoL Pro League,2023,Spring,39
Meiko,EDward Gaming,Tencent LoL Pro League,2023,Summer,41
Meiko,Top Esports,Tencent LoL Pro League,2024,Spring,37
Meiko,Top Esports,Tencent LoL Pro League,2024,Summer,17
Meiko,Top Esports,Tencent LoL Pro League,2024,Summer Placements,13
Melody (Liu Yi-Fan),Dominus Esports,Tencent LoL Pro League,2020,Spring,1
Melon (Zhong Wang),Team WE,Tencent LoL Pro League,2018,Spring,7
Memory,Oh My God,Tencent LoL Pro League,2016,Summer,4
Meow,Vici Gaming,Tencent LoL Pro League,2018,Spring,25
Meow,Vici Gaming,Tencent LoL Pro League,2018,Summer,2
Meteor,Bilibili Gaming,Tencent LoL Pro League,2019,Summer,35
Meteor,Bilibili Gaming,Tencent LoL Pro League,2020,Spring,42
Meteor,Bilibili Gaming,Tencent LoL Pro League,2020,Summer,27
Meteor,Bilibili Gaming,Tencent LoL Pro League,2021,Spring,38
Meteor,LGD Gaming,Tencent LoL Pro League,2023,Spring,38
Meteor,LGD Gaming,Tencent LoL Pro League,2023,Summer,39
Meteor,LGD Gaming,Tencent LoL Pro League,2024,Spring,40
Meteor,LGD Gaming,Tencent LoL Pro League,2024,Summer,19
Meteor,LGD Gaming,Tencent LoL Pro League,2024,Summer Placements,14
Metoer,Bilibili Gaming,Tencent LoL Pro League,2019,Spring,37
Mia,APK Prince,LoL Champions Korea,2020,Spring,4
Mia,SeolHaeOne Prince,LoL Champions Korea,2020,Summer,13
Miaoniu,Ultra Prime,Tencent LoL Pro League,2022,Summer,11
Michi,Rogue Warriors,Tencent LoL Pro League,2021,Spring,10
Mickey (Son Young-min),Afreeca Freecs,LoL Champions Korea,2016,Spring,46
Mickey (Son Young-min),Afreeca Freecs,LoL Champions Korea,2016,Summer,43
Mickey (Son Young-min),ROX Tigers,LoL Champions Korea,2017,Spring,47
Mickey (Son Young-min),ROX Tigers,LoL Champions Korea,2017,Summer,22
Mickey (Son Young-min),SeolHaeOne Prince,LoL Champions Korea,2020,Summer,33
Mightybear,Hanwha Life Esports,LoL Champions Korea,2018,Summer,1
Mightybear,ROX Tigers,LoL Champions Korea,2017,Spring,16
Mightybear,ROX Tigers,LoL Champions Korea,2017,Summer,20
Mightybear,ROX Tigers,LoL Champions Korea,2018,Spring,2
Mihile,Nongshim RedForce,LoL Champions Korea,2024,Summer,29
milkyway,FunPlus Phoenix,Tencent LoL Pro League,2024,Spring,39
milkyway,FunPlus Phoenix,Tencent LoL Pro League,2024,Summer,19
milkyway,FunPlus Phoenix,Tencent LoL Pro League,2024,Summer Placements,14
ming (Shi Sen-Ming),Royal Never Give Up,Tencent LoL Pro League,2017,Spring,39
ming (Shi Sen-Ming),Royal Never Give Up,Tencent LoL Pro League,2017,Summer,38
Ming (Shi Sen-Ming),Royal Never Give Up,Tencent LoL Pro League,2018,Spring,46
Ming (Shi Sen-Ming),Royal Never Give Up,Tencent LoL Pro League,2018,Summer,46
Ming (Shi Sen-Ming),Royal Never Give Up,Tencent LoL Pro League,2019,Spring,35
Ming (Shi Sen-Ming),Royal Never Give Up,Tencent LoL Pro League,2019,Summer,35
Ming (Shi Sen-Ming),Royal Never Give Up,Tencent LoL Pro League,2020,Spring,38
Ming (Shi Sen-Ming),Royal Never Give Up,Tencent LoL Pro League,2020,Summer,39
Ming (Shi Sen-Ming),Royal Never Give Up,Tencent LoL Pro League,2021,Spring,37
Ming (Shi Sen-Ming),Royal Never Give Up,Tencent LoL Pro League,2021,Summer,39
Ming (Shi Sen-Ming),Royal Never Give Up,Tencent LoL Pro League,2022,Spring,39
Ming (Shi Sen-Ming),Royal Never Give Up,Tencent LoL Pro League,2022,Summer,43
Ming (Shi Sen-Ming),Royal Never Give Up,Tencent LoL Pro League,2023,Spring,31
Ming (Shi Sen-Ming),Royal Never Give Up,Tencent LoL Pro League,2024,Spring,36
Ming (Shi Sen-Ming),Royal Never Give Up,Tencent LoL Pro League,2024,Summer Placements,14
Minn,EDward Gaming,Tencent LoL Pro League,2017,Spring,2
Mint,Snake Esports,Tencent LoL Pro League,2017,Spring,16
Mireu,Hanwha Life Esports,LoL Champions Korea,2020,Summer,28
Missing,JD Gaming,Tencent LoL Pro League,2022,Spring,38
Missing,JD Gaming,Tencent LoL Pro League,2022,Summer,42
MISSING,JD Gaming,Tencent LoL Pro League,2023,Spring,36
MISSING,JD Gaming,Tencent LoL Pro League,2023,Summer,36
MISSING,JD Gaming,Tencent LoL Pro League,2024,Spring,39
MISSING,JD Gaming,Tencent LoL Pro League,2024,Summer,20
MISSING,JD Gaming,Tencent LoL Pro League,2024,Summer Placements,13
Missing,Team WE,Tencent LoL Pro League,2018,Summer,24
Missing,Team WE,Tencent LoL Pro League,2019,Spring,35
Missing,Team WE,Tencent LoL Pro League,2019,Summer,37
Missing,Team WE,Tencent LoL Pro League,2020,Spring,41
Missing,Team WE,Tencent LoL Pro League,2020,Summer,43
Missing,Team WE,Tencent LoL Pro League,2021,Spring,36
Missing,Team WE,Tencent LoL Pro League,2021,Summer,39
Mitsuki,Dominus Esports,Tencent LoL Pro League,2020,Summer,15
Mitsuki,SinoDragon Gaming,Tencent LoL Pro League,2019,Spring,1
Mitty,I May,Tencent LoL Pro League,2016,Summer,9
Mlxg,Royal Never Give Up,Tencent LoL Pro League,2015,Summer,44
Mlxg,Royal Never Give Up,Tencent LoL Pro League,2016,Spring,36
Mlxg,Royal Never Give Up,Tencent LoL Pro League,2016,Summer,40
Mlxg,Royal Never Give Up,Tencent LoL Pro League,2017,Spring,30
Mlxg,Royal Never Give Up,Tencent LoL Pro League,2017,Summer,31
Mlxg,Royal Never Give Up,Tencent LoL Pro League,2018,Spring,18
Mlxg,Royal Never Give Up,Tencent LoL Pro League,2018,Summer,15
Mlxg,Team King,Tencent LoL Pro League,2015,Spring,44
Mni,Bilibili Gaming,Tencent LoL Pro League,2019,Spring,32
Mo,Snake Esports,Tencent LoL Pro League,2017,Spring,11
Moham,Dplus Kia,LoL Champions Korea,2024,Summer,10
Moham,Kwangdong Freecs,LoL Champions Korea,2022,Summer,18
Moham,Kwangdong Freecs,LoL Champions Korea,2023,Spring,21
Mole,Bilibili Gaming,Tencent LoL Pro League,2018,Spring,12
Mole,Bilibili Gaming,Tencent LoL Pro League,2018,Summer,37
Mole,EDward Gaming,Tencent LoL Pro League,2019,Spring,1
Mole,Invictus Gaming,Tencent LoL Pro League,2022,Spring,5
Mole,Invictus Gaming,Tencent LoL Pro League,2022,Summer,23
Mole,Rare Atom,Tencent LoL Pro League,2023,Summer,9
Mole,Team WE,Tencent LoL Pro League,2021,Summer,14
Mole,Victory Five,Tencent LoL Pro League,2019,Summer,32
Mole,Victory Five,Tencent LoL Pro League,2020,Spring,27
Mole,Victory Five,Tencent LoL Pro League,2020,Summer,41
Mole,Victory Five,Tencent LoL Pro League,2021,Spring,38
Mong,Gen.G,LoL Champions Korea,2018,Summer,1
Monki,EDward Gaming,Tencent LoL Pro League,2024,Spring,22
Moojin,Hanwha Life Esports,LoL Champions Korea,2019,Spring,3
MooJin,Hanwha Life Esports,LoL Champions Korea,2019,Summer,5
Moon (Gu Yue-Ze-Yu),Energy Pacemaker.All,Tencent LoL Pro League,2016,Spring,16
Mor,Newbee,Tencent LoL Pro League,2017,Spring,33
Mor,Newbee,Tencent LoL Pro League,2017,Summer,14
Mor,Qiao Gu Reapers,Tencent LoL Pro League,2016,Spring,37
Morgan,BRION,LoL Champions Korea,2023,Spring,44
Morgan,Fredit BRION,LoL Champions Korea,2022,Spring,36
Morgan,Fredit BRION,LoL Champions Korea,2022,Summer,36
Morgan,Hanwha Life Esports,LoL Champions Korea,2021,Spring,36
Morgan,Hanwha Life Esports,LoL Champions Korea,2021,Summer,22
Morgan,JD Gaming,Tencent LoL Pro League,2019,Summer,3
Morgan,OKSavingsBank BRION,LoL Champions Korea,2023,Summer,45
Morgan,OKSavingsBank BRION,LoL Champions Korea,2024,Spring,41
Morgan,OKSavingsBank BRION,LoL Champions Korea,2024,Summer,41
Morgan,Team WE,Tencent LoL Pro League,2020,Spring,41
Morgan,Team WE,Tencent LoL Pro League,2020,Summer,43
Mortred,Qiao Gu Reapers,Tencent LoL Pro League,2016,Spring,2
MorZB,Newbee,Tencent LoL Pro League,2016,Summer,39
Motive,MVP,LoL Champions Korea,2018,Summer,8
Mountain (Xue Zhao-Hong),Oh My God,Tencent LoL Pro League,2018,Summer,17
Mouse,EDward Gaming,Tencent LoL Pro League,2015,Spring,8
Mouse,EDward Gaming,Tencent LoL Pro League,2016,Summer,37
Mouse,EDward Gaming,Tencent LoL Pro League,2017,Spring,32
Mouse,EDward Gaming,Tencent LoL Pro League,2017,Summer,30
Mouse,Rogue Warriors,Tencent LoL Pro League,2018,Spring,42
Mouse,Rogue Warriors,Tencent LoL Pro League,2018,Summer,37
Mowgli,Afreeca Freecs,LoL Champions Korea,2017,Spring,9
Mowgli,Afreeca Freecs,LoL Champions Korea,2017,Summer,6
Mowgli,Afreeca Freecs,LoL Champions Korea,2018,Spring,10
Mowgli,Afreeca Freecs,LoL Champions Korea,2018,Summer,10
Moyan,FunPlus Phoenix,Tencent LoL Pro League,2024,Spring,1
Moyu,DAN Gaming,Tencent LoL Pro League,2017,Summer,6
Moyu,Top Esports,Tencent LoL Pro League,2019,Summer,4
Moyu,Topsports Gaming,Tencent LoL Pro League,2018,Spring,11
Moyu,Topsports Gaming,Tencent LoL Pro League,2018,Summer,23
Moyu,Topsports Gaming,Tencent LoL Pro League,2019,Spring,3
Mystic,Afreeca Freecs,LoL Champions Korea,2020,Spring,42
Mystic,Afreeca Freecs,LoL Champions Korea,2020,Summer,41
Mystic,Team WE,Tencent LoL Pro League,2015,Spring,14
Mystic,Team WE,Tencent LoL Pro League,2015,Summer,44
Mystic,Team WE,Tencent LoL Pro League,2016,Spring,39
Mystic,Team WE,Tencent LoL Pro League,2016,Summer,42
Mystic,Team WE,Tencent LoL Pro League,2017,Spring,37
Mystic,Team WE,Tencent LoL Pro League,2017,Summer,40
Mystic,Team WE,Tencent LoL Pro League,2018,Spring,49
Mystic,Team WE,Tencent LoL Pro League,2018,Summer,36
Mystic,Team WE,Tencent LoL Pro League,2019,Spring,35
Mystic,Team WE,Tencent LoL Pro League,2019,Summer,35
Naehyun,Griffin (Korean Team),LoL Champions Korea,2020,Spring,1
Naehyun,Kingzone DragonX,LoL Champions Korea,2019,Spring,3
Naehyun,Kingzone DragonX,LoL Champions Korea,2019,Summer,46
naiyou,Rare Atom,Tencent LoL Pro League,2024,Spring,38
NaMei,Royal Never Give Up,Tencent LoL Pro League,2016,Spring,14
NaMei,Star Horn Royal Club,Tencent LoL Pro League,2015,Spring,16
NaMei,Team King,Tencent LoL Pro League,2015,Summer,42
Nanzhu,LGD Gaming,Tencent LoL Pro League,2018,Spring,6
Natural,Dominus Esports,Tencent LoL Pro League,2019,Summer,17
Natural,Dominus Esports,Tencent LoL Pro League,2020,Spring,34
Natural,Dominus Esports,Tencent LoL Pro League,2020,Summer,6
Natz,DAN Gaming,Tencent LoL Pro League,2017,Summer,6
neny,Invictus Gaming,Tencent LoL Pro League,2021,Summer,19
neny,Invictus Gaming,Tencent LoL Pro League,2022,Spring,8
neny,Invictus Gaming,Tencent LoL Pro League,2023,Spring,7
neny,Invictus Gaming,Tencent LoL Pro League,2023,Summer,2
neny,Invictus Gaming,Tencent LoL Pro League,2024,Summer,16
neny,Invictus Gaming,Tencent LoL Pro League,2024,Summer Placements,19
New,Oh My God,Tencent LoL Pro League,2021,Spring,31
New,Oh My God,Tencent LoL Pro League,2021,Summer,37
New,Royal Never Give Up,Tencent LoL Pro League,2020,Summer,38
New,ThunderTalk Gaming,Tencent LoL Pro League,2022,Spring,40
Newt,LGD Gaming,Tencent LoL Pro League,2018,Summer,2
Niket,Ultra Prime,Tencent LoL Pro League,2024,Summer,16
Niket,Ultra Prime,Tencent LoL Pro League,2024,Summer Placements,19
Ning,Invictus Gaming,Tencent LoL Pro League,2017,Summer,35
Ning,Invictus Gaming,Tencent LoL Pro League,2018,Spring,41
Ning,Invictus Gaming,Tencent LoL Pro League,2018,Summer,49
Ning,Invictus Gaming,Tencent LoL Pro League,2019,Spring,35
Ning,Invictus Gaming,Tencent LoL Pro League,2019,Summer,36
Ning,Invictus Gaming,Tencent LoL Pro League,2020,Spring,12
Ning,Invictus Gaming,Tencent LoL Pro League,2020,Summer,41
Ning,Ultra Prime,Tencent LoL Pro League,2023,Spring,37
Ning,Ultra Prime,Tencent LoL Pro League,2023,Summer,38
Ninja,Team WE,Tencent LoL Pro League,2015,Spring,30
Noah (Oh Hyeon-taek),KT Rolster,LoL Champions Korea,2021,Spring,10
Noah (Oh Hyeon-taek),KT Rolster,LoL Champions Korea,2021,Summer,31
North (Zhang Yu-Ze),Oh My God,Tencent LoL Pro League,2015,Summer,14
Nova (Park Chan-ho),Jin Air Green Wings,LoL Champions Korea,2018,Summer,45
Nova (Park Chan-ho),Jin Air Green Wings,LoL Champions Korea,2019,Spring,16
Nova (Park Chan-ho),Jin Air Green Wings,LoL Champions Korea,2019,Summer,9
Nuclear,DAMWON Gaming,LoL Champions Korea,2019,Spring,41
Nuclear,DAMWON Gaming,LoL Champions Korea,2019,Summer,44
Nuclear,DAMWON Gaming,LoL Champions Korea,2020,Spring,26
Nuclear,SBENU Sonicboom,LoL Champions Korea,2016,Spring,41
Nuguri,DAMWON Gaming,LoL Champions Korea,2019,Spring,30
Nuguri,DAMWON Gaming,LoL Champions Korea,2019,Summer,42
Nuguri,DAMWON Gaming,LoL Champions Korea,2020,Spring,43
Nuguri,DAMWON Gaming,LoL Champions Korea,2020,Summer,39
Nuguri,DWG KIA,LoL Champions Korea,2022,Summer,41
Nuguri,FunPlus Phoenix,Tencent LoL Pro League,2021,Spring,35
Nuguri,FunPlus Phoenix,Tencent LoL Pro League,2021,Summer,36
Ocean (Tang Hai-Qin),Vici Gaming,Tencent LoL Pro League,2017,Spring,2
Ohq,Snake Esports,Tencent LoL Pro League,2017,Spring,24
Ohq,Snake Esports,Tencent LoL Pro League,2017,Summer,25
ON,Bilibili Gaming,Tencent LoL Pro League,2023,Spring,42
ON,Bilibili Gaming,Tencent LoL Pro League,2023,Summer,37
ON,Bilibili Gaming,Tencent LoL Pro League,2024,Spring,35
ON,Bilibili Gaming,Tencent LoL Pro League,2024,Summer,22
ON,Bilibili Gaming,Tencent LoL Pro League,2024,Summer Placements,14
ON,Suning,Tencent LoL Pro League,2021,Spring,33
ON,Suning,Tencent LoL Pro League,2021,Summer,41
ON,Weibo Gaming,Tencent LoL Pro League,2022,Spring,36
ON,Weibo Gaming,Tencent LoL Pro League,2022,Summer,40
Oner,T1,LoL Champions Korea,2021,Spring,9
Oner,T1,LoL Champions Korea,2021,Summer,21
Oner,T1,LoL Champions Korea,2022,Spring,43
Oner,T1,LoL Champions Korea,2022,Summer,44
Oner,T1,LoL Champions Korea,2023,Spring,43
Oner,T1,LoL Champions Korea,2023,Summer,42
Oner,T1,LoL Champions Korea,2024,Spring,38
Oner,T1,LoL Champions Korea,2024,Summer,44
OnFleek,Hanwha Life Esports,LoL Champions Korea,2022,Spring,38
OnFleek,Hanwha Life Esports,LoL Champions Korea,2022,Summer,43
OnFleek,Liiv SANDBOX,LoL Champions Korea,2021,Spring,4
OnFleek,SANDBOX Gaming,LoL Champions Korea,2019,Spring,43
OnFleek,SANDBOX Gaming,LoL Champions Korea,2019,Summer,45
OnFleek,SANDBOX Gaming,LoL Champions Korea,2020,Spring,29
OnFleek,SANDBOX Gaming,LoL Champions Korea,2020,Summer,42
Onion,Vici Gaming,Tencent LoL Pro League,2017,Spring,2
Ophelia,Gen.G,LoL Champions Korea,2022,Spring,8
Otto (Hou Guo-Yu),Saint Gaming,Tencent LoL Pro League,2016,Summer,19
otto (Hou Guo-Yu),Victory Five,Tencent LoL Pro League,2019,Summer,2
Paduck,DRX,LoL Champions Korea,2023,Summer,43
Paduck,DRX,LoL Champions Korea,2024,Summer,2
PandaC,LNG Esports,Tencent LoL Pro League,2022,Summer,12
Part,bbq Olivers,LoL Champions Korea,2017,Spring,3
Patch (Han Seung-min),ThunderTalk Gaming,Tencent LoL Pro League,2021,Summer,11
PawN,EDward Gaming,Tencent LoL Pro League,2015,Spring,42
PawN,EDward Gaming,Tencent LoL Pro League,2015,Summer,27
PawN,EDward Gaming,Tencent LoL Pro League,2016,Spring,25
PawN,EDward Gaming,Tencent LoL Pro League,2016,Summer,5
PawN,Kingzone DragonX,LoL Champions Korea,2019,Spring,36
PawN,KT Rolster,LoL Champions Korea,2017,Spring,44
PawN,KT Rolster,LoL Champions Korea,2017,Summer,47
PawN,KT Rolster,LoL Champions Korea,2018,Spring,31
PawN,KT Rolster,LoL Champions Korea,2018,Summer,1
peace (Lin Shang-Ren),LGD Gaming,Tencent LoL Pro League,2021,Spring,12
Peach,DRX,LoL Champions Korea,2022,Spring,1
Peanut,Gen.G,LoL Champions Korea,2019,Spring,44
Peanut,Gen.G,LoL Champions Korea,2019,Summer,41
Peanut,Gen.G,LoL Champions Korea,2022,Spring,35
Peanut,Gen.G,LoL Champions Korea,2022,Summer,40
Peanut,Gen.G,LoL Champions Korea,2023,Spring,43
Peanut,Gen.G,LoL Champions Korea,2023,Summer,39
Peanut,Hanwha Life Esports,LoL Champions Korea,2024,Spring,41
Peanut,Hanwha Life Esports,LoL Champions Korea,2024,Summer,41
Peanut,Kingzone DragonX,LoL Champions Korea,2018,Spring,35
Peanut,Kingzone DragonX,LoL Champions Korea,2018,Summer,30
Peanut,LGD Gaming,Tencent LoL Pro League,2020,Spring,38
Peanut,LGD Gaming,Tencent LoL Pro League,2020,Summer,40
Peanut,Nongshim RedForce,LoL Champions Korea,2021,Spring,42
Peanut,Nongshim RedForce,LoL Champions Korea,2021,Summer,46
Peanut,ROX Tigers,LoL Champions Korea,2016,Spring,41
Peanut,ROX Tigers,LoL Champions Korea,2016,Summer,40
Peanut,SK Telecom T1,LoL Champions Korea,2017,Spring,36
Peanut,SK Telecom T1,LoL Champions Korea,2017,Summer,24
Peco (Yu Rui),Qiao Gu Reapers,Tencent LoL Pro League,2016,Spring,20
Peng (Peng Yi-Bo),Vici Gaming,Tencent LoL Pro League,2015,Summer,14
Peng (Peng Yi-Bo),Vici Gaming,Tencent LoL Pro League,2017,Spring,1
Penguin (Zhao Shuai),Oh My God,Tencent LoL Pro League,2019,Spring,18
Penguin (Zhao Shuai),Oh My God,Tencent LoL Pro League,2019,Summer,6
PentaQ,Game Talents,Tencent LoL Pro League,2016,Summer,37
PentaQ,Game Talents,Tencent LoL Pro League,2017,Spring,3
PentaQ,Masters 3,Tencent LoL Pro League,2016,Spring,36
Pepper (Hu Zhi-Wei),FunPlus Phoenix,Tencent LoL Pro League,2018,Spring,45
Pepper (Hu Zhi-Wei),Team WE,Tencent LoL Pro League,2018,Summer,14
Pepper (Hu Zhi-Wei),Victory Five,Tencent LoL Pro League,2019,Spring,13
PerfecT (Lee Seung-min),KT Rolster,LoL Champions Korea,2023,Summer,1
PerfecT (Lee Seung-min),KT Rolster,LoL Champions Korea,2024,Spring,44
PerfecT (Lee Seung-min),KT Rolster,LoL Champions Korea,2024,Summer,41
Peter (Jeong Yoon-su),Nongshim RedForce,LoL Champions Korea,2022,Spring,24
Peter (Jeong Yoon-su),Nongshim RedForce,LoL Champions Korea,2022,Summer,1
Peter (Jeong Yoon-su),Nongshim RedForce,LoL Champions Korea,2023,Spring,42
Peter (Jeong Yoon-su),Nongshim RedForce,LoL Champions Korea,2023,Summer,43
Peter (Jeong Yoon-su),Nongshim RedForce,LoL Champions Korea,2024,Spring,44
Peyz,Gen.G,LoL Champions Korea,2023,Spring,43
Peyz,Gen.G,LoL Champions Korea,2023,Summer,39
Peyz,Gen.G,LoL Champions Korea,2024,Spring,39
Peyz,Gen.G,LoL Champions Korea,2024,Summer,38
Photic,Ninjas in Pyjamas.CN,Tencent LoL Pro League,2023,Spring,39
Photic,Ninjas in Pyjamas.CN,Tencent LoL Pro League,2023,Summer,36
Photic,Ninjas in Pyjamas.CN,Tencent LoL Pro League,2024,Spring,36
Photic,Ninjas in Pyjamas.CN,Tencent LoL Pro League,2024,Summer,19
Photic,Ninjas in Pyjamas.CN,Tencent LoL Pro League,2024,Summer Placements,19
Photic,Top Esports,Tencent LoL Pro League,2020,Spring,31
Photic,Victory Five,Tencent LoL Pro League,2022,Spring,40
Photic,Victory Five,Tencent LoL Pro League,2022,Summer,37
Pilot (Na Woo-hyung),Jin Air Green Wings,LoL Champions Korea,2016,Spring,42
Pilot (Na Woo-hyung),Jin Air Green Wings,LoL Champions Korea,2016,Summer,45
Pilot (Na Woo-hyung),MVP,LoL Champions Korea,2018,Spring,26
Pilot (Na Woo-hyung),MVP,LoL Champions Korea,2018,Summer,38
Pinus,Newbee,Tencent LoL Pro League,2017,Spring,9
pinz,Anyone's Legend,Tencent LoL Pro League,2023,Spring,37
pinz,Anyone's Legend,Tencent LoL Pro League,2023,Summer,13
Pirean,SK Telecom T1,LoL Champions Korea,2018,Summer,19
Pleata,DRX,LoL Champions Korea,2023,Spring,6
Pleata,DRX,LoL Champions Korea,2024,Spring,43
Pleata,DRX,LoL Champions Korea,2024,Summer,40
Plex (Bae Ho-young),LNG Esports,Tencent LoL Pro League,2019,Summer,31
Plex (Bae Ho-young),Team WE,Tencent LoL Pro League,2020,Spring,10
Poby,T1,LoL Champions Korea,2023,Summer,18
Pokemon,Invictus Gaming,Tencent LoL Pro League,2015,Spring,21
Pollu,OKSavingsBank BRION,LoL Champions Korea,2024,Spring,27
Pollu,OKSavingsBank BRION,LoL Champions Korea,2024,Summer,41
Poss,Team WE,Tencent LoL Pro League,2019,Spring,35
Poss,Team WE,Tencent LoL Pro League,2019,Summer,35
Pout,Ninjas in Pyjamas.CN,Tencent LoL Pro League,2023,Spring,17
ppgod,Bilibili Gaming,Tencent LoL Pro League,2021,Summer,41
ppgod,Oh My God,Tencent LoL Pro League,2023,Spring,40
ppgod,Oh My God,Tencent LoL Pro League,2023,Summer,40
ppgod,Oh My God,Tencent LoL Pro League,2024,Spring,37
ppgod,Oh My God,Tencent LoL Pro League,2024,Summer,17
ppgod,Oh My God,Tencent LoL Pro League,2024,Summer Placements,14
ppgod,Victory Five,Tencent LoL Pro League,2020,Summer,41
ppgod,Victory Five,Tencent LoL Pro League,2021,Spring,38
ppgod,Victory Five,Tencent LoL Pro League,2022,Spring,40
ppgod,Victory Five,Tencent LoL Pro League,2022,Summer,37
PraY,Kingzone DragonX,LoL Champions Korea,2018,Spring,40
PraY,Kingzone DragonX,LoL Champions Korea,2018,Summer,43
PraY,KT Rolster,LoL Champions Korea,2019,Summer,44
PraY,Longzhu Gaming,LoL Champions Korea,2017,Spring,45
PraY,Longzhu Gaming,LoL Champions Korea,2017,Summer,44
PraY,ROX Tigers,LoL Champions Korea,2016,Spring,41
PraY,ROX Tigers,LoL Champions Korea,2016,Summer,40
Prince (Lee Chae-hwan),Liiv SANDBOX,LoL Champions Korea,2021,Spring,20
Prince (Lee Chae-hwan),Liiv SANDBOX,LoL Champions Korea,2021,Summer,47
Prince (Lee Chae-hwan),Liiv SANDBOX,LoL Champions Korea,2022,Summer,41
Prince (Lee Chae-hwan),Team WE,Tencent LoL Pro League,2024,Spring,22
Profit,SK Telecom T1,LoL Champions Korea,2017,Spring,9
Proud,Afreeca Freecs,LoL Champions Korea,2019,Spring,7
Prove (Son Min-hyeong),Liiv SANDBOX,LoL Champions Korea,2022,Spring,2
Pudding (Bi Hao-Tian),ThunderTalk Gaming,Tencent LoL Pro League,2021,Summer,25
Puff (Ding Wang),Invictus Gaming,Tencent LoL Pro League,2020,Spring,39
Puff (Ding Wang),Invictus Gaming,Tencent LoL Pro League,2020,Summer,41
Puff (Ding Wang),Invictus Gaming,Tencent LoL Pro League,2021,Spring,16
Puff (Ding Wang),Invictus Gaming,Tencent LoL Pro League,2021,Summer,4
Puff (Ding Wang),ThunderTalk Gaming,Tencent LoL Pro League,2022,Spring,40
Puff (Ding Wang),ThunderTalk Gaming,Tencent LoL Pro League,2022,Summer,13
Puff (Ding Wang),Vici Gaming,Tencent LoL Pro League,2019,Spring,40
Puff (Ding Wang),Vici Gaming,Tencent LoL Pro League,2019,Summer,38
Pullbae,OKSavingsBank BRION,LoL Champions Korea,2024,Spring,1
Pullbae,OKSavingsBank BRION,LoL Champions Korea,2024,Summer,5
Punch,DAMWON Gaming,LoL Champions Korea,2019,Spring,14
Punch,DAMWON Gaming,LoL Champions Korea,2019,Summer,1
Punch,Kongdoo Monster,LoL Champions Korea,2017,Spring,45
Punch,SANDBOX Gaming,LoL Champions Korea,2020,Spring,15
Punished,LGD Gaming,Tencent LoL Pro League,2016,Summer,28
Punished,Unlimited Potential,Tencent LoL Pro League,2015,Summer,38
Pure,Longzhu Gaming,LoL Champions Korea,2016,Spring,39
Pure,Longzhu Gaming,LoL Champions Korea,2016,Summer,41
Pyl (Chen Bo),LGD Gaming,Tencent LoL Pro League,2015,Spring,44
Pyl (Chen Bo),LGD Gaming,Tencent LoL Pro League,2015,Summer,40
Pyl (Chen Bo),LGD Gaming,Tencent LoL Pro League,2016,Spring,36
Pyl (Chen Bo),LGD Gaming,Tencent LoL Pro League,2016,Summer,31
Pyl (Chen Bo),LGD Gaming,Tencent LoL Pro League,2017,Spring,38
Pyl (Chen Bo),LGD Gaming,Tencent LoL Pro League,2017,Summer,39
Pyl (Chen Bo),LGD Gaming,Tencent LoL Pro League,2018,Spring,49
Pyl (Chen Bo),LGD Gaming,Tencent LoL Pro League,2018,Summer,42
Pyl (Chen Bo),LGD Gaming,Tencent LoL Pro League,2019,Spring,24
Pyl (Chen Bo),LGD Gaming,Tencent LoL Pro League,2019,Summer,16
Pyosik,DragonX,LoL Champions Korea,2020,Spring,46
Pyosik,DRX,LoL Champions Korea,2020,Summer,45
Pyosik,DRX,LoL Champions Korea,2021,Spring,47
Pyosik,DRX,LoL Champions Korea,2021,Summer,43
Pyosik,DRX,LoL Champions Korea,2022,Spring,40
Pyosik,DRX,LoL Champions Korea,2022,Summer,42
Pyosik,KT Rolster,LoL Champions Korea,2024,Spring,44
Pyosik,KT Rolster,LoL Champions Korea,2024,Summer,44
pzx,Victory Five,Tencent LoL Pro League,2021,Summer,32
qi,DAN Gaming,Tencent LoL Pro League,2017,Summer,7
Qing,Ultra Prime,Tencent LoL Pro League,2023,Spring,28
Qingtian,Top Esports,Tencent LoL Pro League,2021,Summer,28
Qingtian,Top Esports,Tencent LoL Pro League,2022,Summer,2
Qingtian,Top Esports,Tencent LoL Pro League,2023,Spring,36
Qingtian,Ultra Prime,Tencent LoL Pro League,2024,Summer,16
Qingtian,Ultra Prime,Tencent LoL Pro League,2024,Summer Placements,19
QiuQiu (Zhang Ming),Anyone's Legend,Tencent LoL Pro League,2022,Spring,40
QiuQiu (Zhang Ming),Anyone's Legend,Tencent LoL Pro League,2022,Summer,37
QiuQiu (Zhang Ming),DAN Gaming,Tencent LoL Pro League,2017,Summer,32
QiuQiu (Zhang Ming),FunPlus Phoenix,Tencent LoL Pro League,2023,Spring,24
QiuQiu (Zhang Ming),FunPlus Phoenix,Tencent LoL Pro League,2023,Summer,37
QiuQiu (Zhang Ming),Rogue Warriors,Tencent LoL Pro League,2021,Spring,13
QiuQiu (Zhang Ming),Rogue Warriors,Tencent LoL Pro League,2021,Summer,36
QiuQiu (Zhang Ming),ThunderTalk Gaming,Tencent LoL Pro League,2024,Spring,37
QiuQiu (Zhang Ming),ThunderTalk Gaming,Tencent LoL Pro League,2024,Summer Placements,5
QiuQiu (Zhang Ming),Top Esports,Tencent LoL Pro League,2019,Summer,6
QiuQiu (Zhang Ming),Top Esports,Tencent LoL Pro League,2020,Spring,26
QiuQiu (Zhang Ming),Top Esports,Tencent LoL Pro League,2020,Summer,2
QiuQiu (Zhang Ming),Topsports Gaming,Tencent LoL Pro League,2018,Spring,44
QiuQiu (Zhang Ming),Topsports Gaming,Tencent LoL Pro League,2018,Summer,47
Quad,DragonX,LoL Champions Korea,2020,Spring,3
Quad,Nongshim RedForce,LoL Champions Korea,2023,Summer,12
Quan,Newbee,Tencent LoL Pro League,2017,Summer,2
Quan,Oh My God,Tencent LoL Pro League,2016,Spring,34
Quantum (Son Jeong-hwan),Kwangdong Freecs,LoL Champions Korea,2024,Spring,7
Quantum (Son Jeong-hwan),Kwangdong Freecs,LoL Champions Korea,2024,Summer,4
Quid,Gen.G,LoL Champions Korea,2022,Spring,5
Rabbit97,Energy Pacemaker.All,Tencent LoL Pro League,2016,Spring,12
Rahel,Dplus Kia,LoL Champions Korea,2023,Summer,3
Rain (An Hyeon-guk),Invictus Gaming,Tencent LoL Pro League,2016,Spring,25
Rain (An Hyeon-guk),Invictus Gaming,Tencent LoL Pro League,2016,Summer,21
Raise,Jin Air Green Wings,LoL Champions Korea,2017,Spring,7
Raise,Jin Air Green Wings,LoL Champions Korea,2017,Summer,1
Raise,Kongdoo Monster,LoL Champions Korea,2018,Spring,33
Raphael (Ko Jae-hyun),Energy Pacemaker,Tencent LoL Pro League,2015,Spring,38
Raphael (Ko Jae-hyun),Masters 3,Tencent LoL Pro League,2016,Spring,36
Raptor (Jeon Eo-jin),BNK FEARX,LoL Champions Korea,2024,Summer,41
Raptor (Jeon Eo-jin),Fredit BRION,LoL Champions Korea,2022,Spring,2
Raptor (Jeon Eo-jin),Fredit BRION,LoL Champions Korea,2022,Summer,3
Rascal,DRX,LoL Champions Korea,2023,Spring,44
Rascal,DRX,LoL Champions Korea,2023,Summer,43
Rascal,DRX,LoL Champions Korea,2024,Spring,41
Rascal,DRX,LoL Champions Korea,2024,Summer,21
Rascal,Gen.G,LoL Champions Korea,2020,Spring,44
Rascal,Gen.G,LoL Champions Korea,2020,Summer,43
Rascal,Gen.G,LoL Champions Korea,2021,Spring,44
Rascal,Gen.G,LoL Champions Korea,2021,Summer,40
Rascal,Kingzone DragonX,LoL Champions Korea,2018,Spring,7
Rascal,Kingzone DragonX,LoL Champions Korea,2018,Summer,3
Rascal,Kingzone DragonX,LoL Champions Korea,2019,Spring,39
Rascal,Kingzone DragonX,LoL Champions Korea,2019,Summer,46
Rascal,KT Rolster,LoL Champions Korea,2022,Spring,43
Rascal,KT Rolster,LoL Champions Korea,2022,Summer,45
Rascal,Longzhu Gaming,LoL Champions Korea,2017,Summer,1
rat,eStar (Chinese Team),Tencent LoL Pro League,2020,Summer,9
rat,eStar (Chinese Team),Tencent LoL Pro League,2021,Spring,36
Rather,Griffin (Korean Team),LoL Champions Korea,2018,Summer,8
Ray,EDward Gaming,Tencent LoL Pro League,2015,Summer,2
Ray,EDward Gaming,Tencent LoL Pro League,2018,Spring,48
Ray,EDward Gaming,Tencent LoL Pro League,2018,Summer,46
Ray,EDward Gaming,Tencent LoL Pro League,2019,Spring,35
Ray,KT Rolster,LoL Champions Korea,2020,Spring,6
RD,JD Gaming,Tencent LoL Pro League,2018,Spring,22
RD,LGD Gaming,Tencent LoL Pro League,2019,Spring,14
RD,LGD Gaming,Tencent LoL Pro League,2019,Summer,22
ReGank,LGD Gaming,Tencent LoL Pro League,2018,Summer,1
Reheal,Invictus Gaming,Tencent LoL Pro League,2020,Summer,4
Reheal,Rogue Warriors,Tencent LoL Pro League,2021,Spring,7
Reheal,Victory Five,Tencent LoL Pro League,2021,Summer,16
Republic,Energy Pacemaker.All,Tencent LoL Pro League,2016,Spring,39
Republic,Game Talents,Tencent LoL Pro League,2016,Summer,37
Republic,Game Talents,Tencent LoL Pro League,2017,Spring,38
Rich (Lee Jae-won),Gen.G,LoL Champions Korea,2019,Summer,5
Rich (Lee Jae-won),Ninjas in Pyjamas.CN,Tencent LoL Pro League,2023,Spring,1
Rich (Lee Jae-won),Nongshim RedForce,LoL Champions Korea,2021,Spring,42
Rich (Lee Jae-won),Nongshim RedForce,LoL Champions Korea,2021,Summer,46
Rich (Lee Jae-won),Team Dynamics,LoL Champions Korea,2020,Summer,44
Rich (Lee Jae-won),Victory Five,Tencent LoL Pro League,2022,Spring,37
Rich (Lee Jae-won),Victory Five,Tencent LoL Pro League,2022,Summer,37
Rio,Invictus Gaming,Tencent LoL Pro League,2017,Spring,4
Rise (Zhang Sheng),Bilibili Gaming,Tencent LoL Pro League,2022,Summer,11
Roach,e-mFire,LoL Champions Korea,2016,Spring,4
Roach,Gen.G,LoL Champions Korea,2019,Spring,25
Roach,Gen.G,LoL Champions Korea,2019,Summer,4
Roach,Kongdoo Monster,LoL Champions Korea,2016,Spring,3
Roach,Kongdoo Monster,LoL Champions Korea,2017,Spring,45
Roach,Kongdoo Monster,LoL Champions Korea,2018,Spring,41
Roach,T1,LoL Champions Korea,2020,Spring,4
Road (Yun Han-gil),Bilibili Gaming,Tencent LoL Pro League,2018,Spring,43
Road (Yun Han-gil),Bilibili Gaming,Tencent LoL Pro League,2018,Summer,48
Road (Yun Han-gil),I May,Tencent LoL Pro League,2016,Summer,37
Road (Yun Han-gil),I May,Tencent LoL Pro League,2017,Spring,26
Road (Yun Han-gil),I May,Tencent LoL Pro League,2017,Summer,27
Road (Yun Han-gil),Victory Five,Tencent LoL Pro League,2019,Spring,11
Romantic,Energy Pacemaker.All,Tencent LoL Pro League,2016,Spring,23
RooKie,Invictus Gaming,Tencent LoL Pro League,2015,Spring,41
RooKie,Invictus Gaming,Tencent LoL Pro League,2015,Summer,44
RooKie,Invictus Gaming,Tencent LoL Pro League,2016,Spring,39
Rookie,Invictus Gaming,Tencent LoL Pro League,2016,Summer,41
Rookie,Invictus Gaming,Tencent LoL Pro League,2017,Spring,39
Rookie,Invictus Gaming,Tencent LoL Pro League,2017,Summer,39
Rookie,Invictus Gaming,Tencent LoL Pro League,2018,Spring,42
Rookie,Invictus Gaming,Tencent LoL Pro League,2018,Summer,49
Rookie,Invictus Gaming,Tencent LoL Pro League,2019,Spring,35
Rookie,Invictus Gaming,Tencent LoL Pro League,2019,Summer,30
Rookie,Invictus Gaming,Tencent LoL Pro League,2020,Spring,39
Rookie,Invictus Gaming,Tencent LoL Pro League,2020,Summer,41
Rookie,Invictus Gaming,Tencent LoL Pro League,2021,Spring,36
Rookie,Invictus Gaming,Tencent LoL Pro League,2021,Summer,37
Rookie,Ninjas in Pyjamas.CN,Tencent LoL Pro League,2024,Spring,36
Rookie,Ninjas in Pyjamas.CN,Tencent LoL Pro League,2024,Summer,19
Rookie,Ninjas in Pyjamas.CN,Tencent LoL Pro League,2024,Summer Placements,19
Rookie,Top Esports,Tencent LoL Pro League,2023,Spring,38
Rookie,Top Esports,Tencent LoL Pro League,2023,Summer,38
Rookie,Victory Five,Tencent LoL Pro League,2022,Spring,40
Rookie,Victory Five,Tencent LoL Pro League,2022,Summer,23
Route,Jin Air Green Wings,LoL Champions Korea,2019,Spring,35
Route,Jin Air Green Wings,LoL Champions Korea,2019,Summer,40
Route,Liiv SANDBOX,LoL Champions Korea,2021,Spring,11
Route,SANDBOX Gaming,LoL Champions Korea,2020,Spring,25
Route,SANDBOX Gaming,LoL Champions Korea,2020,Summer,42
Ruby (Lee Sol-min),Rogue Warriors,Tencent LoL Pro League,2020,Spring,31
Ruby (Lee Sol-min),Rogue Warriors,Tencent LoL Pro League,2020,Summer,18
Ruler,Gen.G,LoL Champions Korea,2018,Summer,44
Ruler,Gen.G,LoL Champions Korea,2019,Spring,44
Ruler,Gen.G,LoL Champions Korea,2019,Summer,44
Ruler,Gen.G,LoL Champions Korea,2020,Spring,44
Ruler,Gen.G,LoL Champions Korea,2020,Summer,43
Ruler,Gen.G,LoL Champions Korea,2021,Spring,44
Ruler,Gen.G,LoL Champions Korea,2021,Summer,46
Ruler,Gen.G,LoL Champions Korea,2022,Spring,35
Ruler,Gen.G,LoL Champions Korea,2022,Summer,40
Ruler,JD Gaming,Tencent LoL Pro League,2023,Spring,36
Ruler,JD Gaming,Tencent LoL Pro League,2023,Summer,36
Ruler,JD Gaming,Tencent LoL Pro League,2024,Spring,39
Ruler,JD Gaming,Tencent LoL Pro League,2024,Summer,20
Ruler,JD Gaming,Tencent LoL Pro League,2024,Summer Placements,13
Ruler,KSV eSports,LoL Champions Korea,2018,Spring,44
Ruler,Samsung Galaxy,LoL Champions Korea,2016,Summer,40
Ruler,Samsung Galaxy,LoL Champions Korea,2017,Spring,34
Ruler,Samsung Galaxy,LoL Champions Korea,2017,Summer,44
Ruo (Teng Yang-Tian-Xia),Masters 3,Tencent LoL Pro League,2015,Spring,13
Ruo (Teng Yang-Tian-Xia),Masters 3,Tencent LoL Pro League,2015,Summer,10
Rush,KT Rolster,LoL Champions Korea,2018,Spring,2
Rush,KT Rolster,LoL Champions Korea,2018,Summer,7
S1mlz,Oh My God,Tencent LoL Pro League,2016,Spring,38
S1mlz,Oh My God,Tencent LoL Pro League,2016,Summer,36
S4ve,Invictus Gaming,Tencent LoL Pro League,2016,Summer,8
SamD,Hanwha Life Esports,LoL Champions Korea,2022,Spring,39
SamD,Hanwha Life Esports,LoL Champions Korea,2022,Summer,32
SamD,ThunderTalk Gaming,Tencent LoL Pro League,2021,Spring,38
SamD,ThunderTalk Gaming,Tencent LoL Pro League,2021,Summer,36
Samd,Victory Five,Tencent LoL Pro League,2020,Summer,36
Samver,OKSavingsBank BRION,LoL Champions Korea,2024,Spring,6
Samver,OKSavingsBank BRION,LoL Champions Korea,2024,Summer,12
san (Guo Jun-Liang),Oh My God,Tencent LoL Pro League,2015,Spring,5
san (Guo Jun-Liang),Oh My God,Tencent LoL Pro League,2015,Summer,2
Sangyoon,Afreeca Freecs,LoL Champions Korea,2016,Spring,46
Sangyoon,Afreeca Freecs,LoL Champions Korea,2016,Summer,43
Sangyoon,Hanwha Life Esports,LoL Champions Korea,2018,Summer,45
Sangyoon,Hanwha Life Esports,LoL Champions Korea,2019,Spring,41
Sangyoon,Hanwha Life Esports,LoL Champions Korea,2019,Summer,42
Sangyoon,ROX Tigers,LoL Champions Korea,2017,Spring,47
Sangyoon,ROX Tigers,LoL Champions Korea,2017,Summer,44
Sangyoon,ROX Tigers,LoL Champions Korea,2018,Spring,45
SaSin,SBENU Sonicboom,LoL Champions Korea,2016,Spring,41
Sask,Royal Never Give Up,Tencent LoL Pro League,2016,Spring,2
Save,Invictus Gaming,Tencent LoL Pro League,2015,Spring,3
Savoki,Game Talents,Tencent LoL Pro League,2016,Summer,34
Savoki,Game Talents,Tencent LoL Pro League,2017,Spring,34
Savoki,Masters 3,Tencent LoL Pro League,2016,Spring,35
Scenery,Masters 3,Tencent LoL Pro League,2016,Spring,15
Score,KT Rolster,LoL Champions Korea,2016,Spring,43
Score,KT Rolster,LoL Champions Korea,2016,Summer,44
Score,KT Rolster,LoL Champions Korea,2017,Spring,44
Score,KT Rolster,LoL Champions Korea,2017,Summer,47
Score,KT Rolster,LoL Champions Korea,2018,Spring,41
Score,KT Rolster,LoL Champions Korea,2018,Summer,36
Score,KT Rolster,LoL Champions Korea,2019,Spring,28
Score,KT Rolster,LoL Champions Korea,2019,Summer,35
Scout,EDward Gaming,Tencent LoL Pro League,2016,Summer,32
Scout,EDward Gaming,Tencent LoL Pro League,2017,Spring,40
Scout,EDward Gaming,Tencent LoL Pro League,2017,Summer,35
Scout,EDward Gaming,Tencent LoL Pro League,2018,Spring,48
Scout,EDward Gaming,Tencent LoL Pro League,2018,Summer,46
Scout,EDward Gaming,Tencent LoL Pro League,2019,Spring,36
Scout,EDward Gaming,Tencent LoL Pro League,2019,Summer,35
Scout,EDward Gaming,Tencent LoL Pro League,2020,Spring,41
Scout,EDward Gaming,Tencent LoL Pro League,2020,Summer,38
Scout,EDward Gaming,Tencent LoL Pro League,2021,Spring,36
Scout,EDward Gaming,Tencent LoL Pro League,2021,Summer,35
Scout,EDward Gaming,Tencent LoL Pro League,2022,Spring,37
Scout,EDward Gaming,Tencent LoL Pro League,2022,Summer,38
Scout,LNG Esports,Tencent LoL Pro League,2023,Spring,39
Scout,LNG Esports,Tencent LoL Pro League,2023,Summer,37
Scout,LNG Esports,Tencent LoL Pro League,2024,Spring,41
Scout,LNG Esports,Tencent LoL Pro League,2024,Summer,21
Scout,LNG Esports,Tencent LoL Pro League,2024,Summer Placements,15
Scout,SK Telecom T1,LoL Champions Korea,2016,Spring,1
Secret (Park Ki-sun),APK Prince,LoL Champions Korea,2020,Spring,39
Secret (Park Ki-sun),Kongdoo Monster,LoL Champions Korea,2017,Spring,4
Secret (Park Ki-sun),Kongdoo Monster,LoL Champions Korea,2018,Spring,41
Secret (Park Ki-sun),SBENU Sonicboom,LoL Champions Korea,2016,Spring,41
Secret (Park Ki-sun),SeolHaeOne Prince,LoL Champions Korea,2020,Summer,28
Seize,Jin Air Green Wings,LoL Champions Korea,2019,Spring,14
Seize,Jin Air Green Wings,LoL Champions Korea,2019,Summer,5
Senan,Afreeca Freecs,LoL Champions Korea,2019,Spring,9
Senan,Afreeca Freecs,LoL Champions Korea,2019,Summer,46
Seonbi (Koo Kwan-mo),Hanwha Life Esports,LoL Champions Korea,2022,Spring,2
SeongHwan,Afreeca Freecs,LoL Champions Korea,2016,Summer,7
SeongHwan,Gen.G,LoL Champions Korea,2019,Summer,3
SeongHwan,Hanwha Life Esports,LoL Champions Korea,2018,Summer,45
Seonghwan,ROX Tigers,LoL Champions Korea,2017,Spring,31
SeongHwan,ROX Tigers,LoL Champions Korea,2017,Summer,24
SeongHwan,ROX Tigers,LoL Champions Korea,2018,Spring,43
SeTab,DRX,LoL Champions Korea,2022,Spring,1
SeTab,DRX,LoL Champions Korea,2024,Spring,25
SeTab,DRX,LoL Champions Korea,2024,Summer,9
shad0w,LGD Gaming,Tencent LoL Pro League,2021,Summer,37
shad0w,LGD Gaming,Tencent LoL Pro League,2022,Spring,40
shad0w,LGD Gaming,Tencent LoL Pro League,2022,Summer,24
shad0w,Ninjas in Pyjamas.CN,Tencent LoL Pro League,2023,Spring,12
shad0w,Ninjas in Pyjamas.CN,Tencent LoL Pro League,2023,Summer,35
shanji,Ninjas in Pyjamas.CN,Tencent LoL Pro League,2024,Spring,36
shanji,Ninjas in Pyjamas.CN,Tencent LoL Pro League,2024,Summer,19
shanji,Ninjas in Pyjamas.CN,Tencent LoL Pro League,2024,Summer Placements,19
shanji,Oh My God,Tencent LoL Pro League,2022,Spring,41
shanji,Oh My God,Tencent LoL Pro League,2022,Summer,43
shanji,Oh My God,Tencent LoL Pro League,2023,Spring,42
shanji,Oh My God,Tencent LoL Pro League,2023,Summer,40
Shanks,Anyone's Legend,Tencent LoL Pro League,2024,Spring,41
Shanks,Anyone's Legend,Tencent LoL Pro League,2024,Summer,19
Shanks,Anyone's Legend,Tencent LoL Pro League,2024,Summer Placements,18
Shanks,Team WE,Tencent LoL Pro League,2021,Spring,34
Shanks,Team WE,Tencent LoL Pro League,2021,Summer,27
Shanks,Team WE,Tencent LoL Pro League,2022,Spring,22
Shanks,Team WE,Tencent LoL Pro League,2022,Summer,32
Shanks,Team WE,Tencent LoL Pro League,2023,Spring,40
Shanks,Team WE,Tencent LoL Pro League,2023,Summer,37
shaoye,LGD Gaming,Tencent LoL Pro League,2024,Spring,27
Shaoye,LGD Gaming,Tencent LoL Pro League,2024,Summer,14
Shaoye,LGD Gaming,Tencent LoL Pro League,2024,Summer Placements,12
sheer,JD Gaming,Tencent LoL Pro League,2024,Spring,14
sheer,JD Gaming,Tencent LoL Pro League,2024,Summer,20
sheer,JD Gaming,Tencent LoL Pro League,2024,Summer Placements,7
Shenyi,FunPlus Phoenix,Tencent LoL Pro League,2021,Summer,5
ShiauC,eStar (Chinese Team),Tencent LoL Pro League,2020,Spring,37
ShiauC,eStar (Chinese Team),Tencent LoL Pro League,2020,Summer,40
ShiauC,eStar (Chinese Team),Tencent LoL Pro League,2021,Spring,36
ShiauC,Rare Atom,Tencent LoL Pro League,2024,Spring,5
ShiauC,Ultra Prime,Tencent LoL Pro League,2021,Summer,39
ShiauC,Ultra Prime,Tencent LoL Pro League,2022,Spring,41
ShiauC,Ultra Prime,Tencent LoL Pro League,2022,Summer,27
ShowMaker,DAMWON Gaming,LoL Champions Korea,2019,Spring,42
ShowMaker,DAMWON Gaming,LoL Champions Korea,2019,Summer,44
ShowMaker,DAMWON Gaming,LoL Champions Korea,2020,Spring,43
ShowMaker,DAMWON Gaming,LoL Champions Korea,2020,Summer,39
ShowMaker,Dplus Kia,LoL Champions Korea,2023,Spring,40
ShowMaker,Dplus Kia,LoL Champions Korea,2023,Summer,40
ShowMaker,Dplus Kia,LoL Champions Korea,2024,Spring,42
ShowMaker,Dplus Kia,LoL Champions Korea,2024,Summer,45
ShowMaker,DWG KIA,LoL Champions Korea,2021,Spring,43
ShowMaker,DWG KIA,LoL Champions Korea,2021,Summer,43
ShowMaker,DWG KIA,LoL Champions Korea,2022,Spring,42
ShowMaker,DWG KIA,LoL Champions Korea,2022,Summer,41
Shy,CJ Entus,LoL Champions Korea,2016,Summer,16
Shy,ROX Tigers,LoL Champions Korea,2017,Spring,28
Shy,ROX Tigers,LoL Champions Korea,2017,Summer,11
SinkDream,Gamtee,Tencent LoL Pro League,2015,Spring,44
SinkDream,Team King,Tencent LoL Pro League,2015,Summer,8
Skatch,Unlimited Potential,Tencent LoL Pro League,2015,Summer,44
Sks,Bilibili Gaming,Tencent LoL Pro League,2018,Spring,31
Sks,I May,Tencent LoL Pro League,2017,Summer,23
Sky (Kim Ha-neul),CJ Entus,LoL Champions Korea,2016,Spring,24
Sky (Kim Ha-neul),CJ Entus,LoL Champions Korea,2016,Summer,17
Skye,Newbee,Tencent LoL Pro League,2017,Spring,17
Skye,Newbee,Tencent LoL Pro League,2017,Summer,23
Skye,Royal Never Give Up,Tencent LoL Pro League,2015,Summer,13
Skye,Team King,Tencent LoL Pro League,2015,Spring,44
Smeb,KT Rolster,LoL Champions Korea,2017,Spring,44
Smeb,KT Rolster,LoL Champions Korea,2017,Summer,47
Smeb,KT Rolster,LoL Champions Korea,2018,Spring,43
Smeb,KT Rolster,LoL Champions Korea,2018,Summer,42
Smeb,KT Rolster,LoL Champions Korea,2019,Spring,29
Smeb,KT Rolster,LoL Champions Korea,2019,Summer,20
Smeb,KT Rolster,LoL Champions Korea,2020,Summer,30
Smeb,ROX Tigers,LoL Champions Korea,2016,Spring,41
Smeb,ROX Tigers,LoL Champions Korea,2016,Summer,40
SmLz,Masters 3,Tencent LoL Pro League,2015,Spring,8
SmLz,Masters 3,Tencent LoL Pro League,2015,Summer,44
Smlz,Oh My God,Tencent LoL Pro League,2017,Spring,37
Smlz,Oh My God,Tencent LoL Pro League,2017,Summer,36
Smlz,Oh My God,Tencent LoL Pro League,2020,Spring,38
Smlz,Oh My God,Tencent LoL Pro League,2020,Summer,34
Smlz,Rogue Warriors,Tencent LoL Pro League,2018,Spring,42
Smlz,Rogue Warriors,Tencent LoL Pro League,2018,Summer,46
Smlz,Suning,Tencent LoL Pro League,2019,Spring,36
Smlz,Suning,Tencent LoL Pro League,2019,Summer,34
Smlz,Team WE,Tencent LoL Pro League,2022,Summer,12
Smlz,Ultra Prime,Tencent LoL Pro League,2021,Summer,39
Snoopy (Yang Yeo-myeong),Saint Gaming,Tencent LoL Pro League,2016,Summer,20
Snow (Wu Hao-Shun),Vici Gaming,Tencent LoL Pro League,2018,Spring,14
Snow (Wu Hao-Shun),Vici Gaming,Tencent LoL Pro League,2018,Summer,32
SnowFlower,Afreeca Freecs,LoL Champions Korea,2016,Spring,46
SnowFlower,Afreeca Freecs,LoL Champions Korea,2016,Summer,43
SnowFlower,Jin Air Green Wings,LoL Champions Korea,2017,Spring,44
SnowFlower,Jin Air Green Wings,LoL Champions Korea,2017,Summer,42
SnowFlower,KT Rolster,LoL Champions Korea,2019,Spring,42
SnowFlower,KT Rolster,LoL Champions Korea,2019,Summer,44
SnowFlower,Nongshim RedForce,LoL Champions Korea,2022,Summer,19
SoaR,SBENU Sonicboom,LoL Champions Korea,2016,Spring,10
Soboro,Fredit BRION,LoL Champions Korea,2022,Spring,2
SofM,LNG Esports,Tencent LoL Pro League,2019,Summer,36
SofM,Snake Esports,Tencent LoL Pro League,2016,Summer,33
SofM,Snake Esports,Tencent LoL Pro League,2017,Spring,37
SofM,Snake Esports,Tencent LoL Pro League,2017,Summer,41
SofM,Snake Esports,Tencent LoL Pro League,2018,Spring,45
SofM,Snake Esports,Tencent LoL Pro League,2018,Summer,47
SofM,Snake Esports,Tencent LoL Pro League,2019,Spring,38
SofM,Suning,Tencent LoL Pro League,2020,Spring,41
SofM,Suning,Tencent LoL Pro League,2020,Summer,42
SofM,Suning,Tencent LoL Pro League,2021,Spring,33
SofM,Suning,Tencent LoL Pro League,2021,Summer,42
SofM,Weibo Gaming,Tencent LoL Pro League,2022,Spring,39
SofM,Weibo Gaming,Tencent LoL Pro League,2022,Summer,41
SoHwan,Hanwha Life Esports,LoL Champions Korea,2019,Spring,5
SoHwan,Hanwha Life Esports,LoL Champions Korea,2019,Summer,29
SoHwan,Jin Air Green Wings,LoL Champions Korea,2016,Spring,1
SoHwan,Jin Air Green Wings,LoL Champions Korea,2016,Summer,1
SoHwan,Jin Air Green Wings,LoL Champions Korea,2017,Spring,12
SoHwan,Jin Air Green Wings,LoL Champions Korea,2017,Summer,21
SoHwan,Jin Air Green Wings,LoL Champions Korea,2018,Spring,44
SoHwan,Jin Air Green Wings,LoL Champions Korea,2018,Summer,45
SoHwan,KT Rolster,LoL Champions Korea,2020,Spring,40
SoHwan,KT Rolster,LoL Champions Korea,2020,Summer,18
SOLKA,DRX,LoL Champions Korea,2021,Spring,47
SOLKA,DRX,LoL Champions Korea,2021,Summer,21
Solokill,EDward Gaming,Tencent LoL Pro League,2024,Spring,8
Solokill,EDward Gaming,Tencent LoL Pro League,2024,Summer,18
Solokill,EDward Gaming,Tencent LoL Pro League,2024,Summer Placements,13
Sora (Liu Zhi-Long),Oh My God,Tencent LoL Pro League,2020,Summer,14
Soul (Seo Hyeon-seok),SBENU Sonicboom,LoL Champions Korea,2016,Spring,31
Soul (Zhou Feng),Energy Pacemaker.All,Tencent LoL Pro League,2016,Spring,11
Soulmate,Game Talents,Tencent LoL Pro League,2017,Spring,4
Southwind,Invictus Gaming,Tencent LoL Pro League,2020,Spring,39
Southwind,Invictus Gaming,Tencent LoL Pro League,2020,Summer,21
Southwind,Rare Atom,Tencent LoL Pro League,2023,Spring,36
Southwind,ThunderTalk Gaming,Tencent LoL Pro League,2022,Spring,40
Southwind,ThunderTalk Gaming,Tencent LoL Pro League,2022,Summer,11
Southwind,Vici Gaming,Tencent LoL Pro League,2019,Spring,40
Southwind,Vici Gaming,Tencent LoL Pro League,2019,Summer,38
Spirit,Afreeca Freecs,LoL Champions Korea,2017,Spring,37
Spirit,Afreeca Freecs,LoL Champions Korea,2017,Summer,42
Spirit,Afreeca Freecs,LoL Champions Korea,2018,Spring,31
Spirit,Afreeca Freecs,LoL Champions Korea,2018,Summer,36
Spirit,Afreeca Freecs,LoL Champions Korea,2019,Spring,14
Spirit,Afreeca Freecs,LoL Champions Korea,2020,Spring,33
Spirit,Afreeca Freecs,LoL Champions Korea,2020,Summer,39
Spirit,Team WE,Tencent LoL Pro League,2015,Spring,44
Spirit,Team WE,Tencent LoL Pro League,2015,Summer,44
Sponge,DRX,LoL Champions Korea,2024,Spring,43
Sponge,DRX,LoL Champions Korea,2024,Summer,40
SS (Seo Jin-sol),Afreeca Freecs,LoL Champions Korea,2020,Spring,4
ss17God,Hyper Youth Gaming,Tencent LoL Pro League,2016,Spring,33
SSol,Afreeca Freecs,LoL Champions Korea,2019,Spring,9
SSol,e-mFire,LoL Champions Korea,2016,Spring,18
SSol,Kongdoo Monster,LoL Champions Korea,2016,Spring,25
SSol,Kongdoo Monster,LoL Champions Korea,2017,Spring,45
SSol,Kongdoo Monster,LoL Champions Korea,2018,Spring,41
Ssumday,KT Rolster,LoL Champions Korea,2016,Spring,43
Ssumday,KT Rolster,LoL Champions Korea,2016,Summer,44
SSUN (Kim Tae-yang),Afreeca Freecs,LoL Champions Korea,2019,Spring,15
Starlight,I May,Tencent LoL Pro League,2017,Spring,13
Starlight,I May,Tencent LoL Pro League,2017,Summer,11
Starry,Oh My God,Tencent LoL Pro League,2024,Spring,7
Starry,Oh My God,Tencent LoL Pro League,2024,Summer,17
Starry,Oh My God,Tencent LoL Pro League,2024,Summer Placements,14
Stay (Guo Yi-Yang),Team WE,Tencent LoL Pro League,2021,Summer,1
Stay (Guo Yi-Yang),Team WE,Tencent LoL Pro League,2022,Spring,16
Stay (Guo Yi-Yang),Team WE,Tencent LoL Pro League,2024,Spring,16
Stitch,Jin Air Green Wings,LoL Champions Korea,2019,Spring,3
Stitch,Samsung Galaxy,LoL Champions Korea,2016,Spring,16
Stitch,Samsung Galaxy,LoL Champions Korea,2017,Spring,8
Strive,Rare Atom,Tencent LoL Pro League,2022,Spring,38
Strive,Rare Atom,Tencent LoL Pro League,2022,Summer,42
Strive,Rare Atom,Tencent LoL Pro League,2023,Spring,40
Strive,Rare Atom,Tencent LoL Pro League,2023,Summer,28
Styz,Saint Gaming,Tencent LoL Pro League,2016,Summer,23
Styz,Team WE,Tencent LoL Pro League,2015,Spring,30
Summit,FunPlus Phoenix,Tencent LoL Pro League,2022,Summer,24
Summit,Liiv SANDBOX,LoL Champions Korea,2021,Spring,40
Summit,Liiv SANDBOX,LoL Champions Korea,2021,Summer,47
Summit,SANDBOX Gaming,LoL Champions Korea,2019,Spring,43
Summit,SANDBOX Gaming,LoL Champions Korea,2019,Summer,45
Summit,SANDBOX Gaming,LoL Champions Korea,2020,Spring,32
Summit,SANDBOX Gaming,LoL Champions Korea,2020,Summer,42
Sw0rd,Fredit BRION,LoL Champions Korea,2022,Spring,6
Sw0rd,Fredit BRION,LoL Champions Korea,2022,Summer,6
Sweet (Lee Eun-teak),Jin Air Green Wings,LoL Champions Korea,2016,Summer,8
Swift,Newbee,Tencent LoL Pro League,2016,Summer,39
Swift,Newbee,Tencent LoL Pro League,2017,Spring,42
Swift,Newbee,Tencent LoL Pro League,2017,Summer,37
Swift,Qiao Gu Reapers,Tencent LoL Pro League,2015,Summer,44
Swift,Qiao Gu Reapers,Tencent LoL Pro League,2016,Spring,37
Swift,Vici Gaming,Tencent LoL Pro League,2018,Spring,28
Swift,Vici Gaming,Tencent LoL Pro League,2018,Summer,37
Sword (Choi Sung-won),Griffin (Korean Team),LoL Champions Korea,2018,Summer,41
Sword (Choi Sung-won),Griffin (Korean Team),LoL Champions Korea,2019,Spring,39
Sword (Choi Sung-won),Griffin (Korean Team),LoL Champions Korea,2019,Summer,23
Sword (Choi Sung-won),Griffin (Korean Team),LoL Champions Korea,2020,Spring,28
SwordArt,Anyone's Legend,Tencent LoL Pro League,2023,Spring,41
SwordArT,Suning,Tencent LoL Pro League,2019,Spring,37
SwordArt,Suning,Tencent LoL Pro League,2019,Summer,34
SwordArt,Suning,Tencent LoL Pro League,2020,Spring,41
SwordArt,Suning,Tencent LoL Pro League,2020,Summer,42
SwordArt,Ultra Prime,Tencent LoL Pro League,2023,Summer,38
SwordArt,Weibo Gaming,Tencent LoL Pro League,2022,Spring,3
SwordArt,Weibo Gaming,Tencent LoL Pro League,2022,Summer,1
Sylvie,Nongshim RedForce,LoL Champions Korea,2022,Spring,2
Sylvie,Nongshim RedForce,LoL Champions Korea,2022,Summer,4
Sylvie,Nongshim RedForce,LoL Champions Korea,2023,Spring,42
Sylvie,Nongshim RedForce,LoL Champions Korea,2023,Summer,43
Sylvie,Nongshim RedForce,LoL Champions Korea,2024,Spring,44
Sylvie,Nongshim RedForce,LoL Champions Korea,2024,Summer,40
Tabe,Invictus Gaming,Tencent LoL Pro League,2016,Summer,23
Taeyoon (Kim Tae-yoon),DRX,LoL Champions Korea,2021,Summer,24
Taeyoon (Kim Tae-yoon),DRX,LoL Champions Korea,2022,Spring,1
Taeyoon (Kim Tae-yoon),Kwangdong Freecs,LoL Champions Korea,2023,Spring,45
Taeyoon (Kim Tae-yoon),Kwangdong Freecs,LoL Champions Korea,2023,Summer,38
Taeyoon (Kim Tae-yoon),Kwangdong Freecs,LoL Champions Korea,2024,Spring,4
Tale,Gamtee,Tencent LoL Pro League,2015,Spring,44
TaNa,Jin Air Green Wings,LoL Champions Korea,2019,Spring,6
TaNa,Jin Air Green Wings,LoL Champions Korea,2019,Summer,12
Tangyuan,Royal Never Give Up,Tencent LoL Pro League,2023,Spring,9
Tangyuan,Royal Never Give Up,Tencent LoL Pro League,2023,Summer,40
Tangyuan,Royal Never Give Up,Tencent LoL Pro League,2024,Spring,36
Tangyuan,Royal Never Give Up,Tencent LoL Pro League,2024,Summer,17
Tangyuan,Royal Never Give Up,Tencent LoL Pro League,2024,Summer Placements,12
TANK,Snake Esports,Tencent LoL Pro League,2016,Spring,41
TANK,Snake Esports,Tencent LoL Pro League,2016,Summer,38
Tank,Snake Esports,Tencent LoL Pro League,2017,Spring,13
Tarzan (Lee Seung-yong),Griffin (Korean Team),LoL Champions Korea,2018,Summer,41
Tarzan (Lee Seung-yong),Griffin (Korean Team),LoL Champions Korea,2019,Spring,39
Tarzan (Lee Seung-yong),Griffin (Korean Team),LoL Champions Korea,2019,Summer,42
Tarzan (Lee Seung-yong),Griffin (Korean Team),LoL Champions Korea,2020,Spring,45
Tarzan (Lee Seung-yong),LNG Esports,Tencent LoL Pro League,2021,Spring,35
Tarzan (Lee Seung-yong),LNG Esports,Tencent LoL Pro League,2021,Summer,44
Tarzan (Lee Seung-yong),LNG Esports,Tencent LoL Pro League,2022,Spring,42
Tarzan (Lee Seung-yong),LNG Esports,Tencent LoL Pro League,2022,Summer,39
Tarzan (Lee Seung-yong),LNG Esports,Tencent LoL Pro League,2023,Spring,39
Tarzan (Lee Seung-yong),LNG Esports,Tencent LoL Pro League,2023,Summer,37
Tarzan (Lee Seung-yong),Weibo Gaming,Tencent LoL Pro League,2024,Summer,18
Tarzan (Lee Seung-yong),Weibo Gaming,Tencent LoL Pro League,2024,Summer Placements,19
TBQ,LGD Gaming,Tencent LoL Pro League,2015,Spring,44
TBQ,LGD Gaming,Tencent LoL Pro League,2015,Summer,38
TcT,Qiao Gu Reapers,Tencent LoL Pro League,2015,Summer,44
Teacherma,Team WE,Tencent LoL Pro League,2020,Spring,31
Teacherma,Team WE,Tencent LoL Pro League,2020,Summer,43
Teddy,DRX,LoL Champions Korea,2024,Spring,43
Teddy,DRX,LoL Champions Korea,2024,Summer,38
Teddy,Jin Air Green Wings,LoL Champions Korea,2017,Spring,44
Teddy,Jin Air Green Wings,LoL Champions Korea,2017,Summer,42
Teddy,Jin Air Green Wings,LoL Champions Korea,2018,Spring,44
Teddy,Jin Air Green Wings,LoL Champions Korea,2018,Summer,45
Teddy,Kwangdong Freecs,LoL Champions Korea,2022,Spring,42
Teddy,Kwangdong Freecs,LoL Champions Korea,2022,Summer,42
Teddy,Liiv SANDBOX,LoL Champions Korea,2023,Summer,40
Teddy,SK Telecom T1,LoL Champions Korea,2019,Spring,44
Teddy,SK Telecom T1,LoL Champions Korea,2019,Summer,43
Teddy,T1,LoL Champions Korea,2020,Spring,44
Teddy,T1,LoL Champions Korea,2020,Summer,42
Teddy,T1,LoL Champions Korea,2021,Spring,23
Teddy,T1,LoL Champions Korea,2021,Summer,19
Teeen,JD Gaming,Tencent LoL Pro League,2019,Spring,1
Teeen,JD Gaming,Tencent LoL Pro League,2019,Summer,2
Teeen,ThunderTalk Gaming,Tencent LoL Pro League,2021,Spring,38
Tempt,bbq Olivers,LoL Champions Korea,2017,Spring,44
Tempt,bbq Olivers,LoL Champions Korea,2017,Summer,45
Tempt,bbq Olivers,LoL Champions Korea,2018,Spring,44
Tempt,bbq Olivers,LoL Champions Korea,2018,Summer,43
Tempt,ESC Ever,LoL Champions Korea,2016,Summer,45
Tempt,Hanwha Life Esports,LoL Champions Korea,2019,Spring,19
Tempt,Hanwha Life Esports,LoL Champions Korea,2019,Summer,20
Tempt,Hanwha Life Esports,LoL Champions Korea,2020,Spring,39
Ten10,Liiv SANDBOX,LoL Champions Korea,2022,Spring,4
Thal,Hanwha Life Esports,LoL Champions Korea,2019,Spring,36
Thal,Hanwha Life Esports,LoL Champions Korea,2019,Summer,13
Thal,SK Telecom T1,LoL Champions Korea,2018,Spring,25
Thal,SK Telecom T1,LoL Champions Korea,2018,Summer,44
TheNiu,FunPlus Phoenix,Tencent LoL Pro League,2024,Summer Placements,1
TheShy,Invictus Gaming,Tencent LoL Pro League,2017,Summer,16
TheShy,Invictus Gaming,Tencent LoL Pro League,2018,Spring,34
TheShy,Invictus Gaming,Tencent LoL Pro League,2018,Summer,17
TheShy,Invictus Gaming,Tencent LoL Pro League,2019,Spring,27
TheShy,Invictus Gaming,Tencent LoL Pro League,2019,Summer,38
TheShy,Invictus Gaming,Tencent LoL Pro League,2020,Spring,39
TheShy,Invictus Gaming,Tencent LoL Pro League,2020,Summer,41
TheShy,Invictus Gaming,Tencent LoL Pro League,2021,Spring,36
TheShy,Invictus Gaming,Tencent LoL Pro League,2021,Summer,18
TheShy,Weibo Gaming,Tencent LoL Pro League,2022,Spring,39
TheShy,Weibo Gaming,Tencent LoL Pro League,2022,Summer,41
TheShy,Weibo Gaming,Tencent LoL Pro League,2023,Spring,39
TheShy,Weibo Gaming,Tencent LoL Pro League,2023,Summer,39
Thesnake,EDward Gaming,Tencent LoL Pro League,2023,Summer,2
Thesnake,EDward Gaming,Tencent LoL Pro League,2024,Spring,31
Tian,FunPlus Phoenix,Tencent LoL Pro League,2019,Spring,38
Tian,FunPlus Phoenix,Tencent LoL Pro League,2019,Summer,33
Tian,FunPlus Phoenix,Tencent LoL Pro League,2020,Spring,40
Tian,FunPlus Phoenix,Tencent LoL Pro League,2020,Summer,41
Tian,FunPlus Phoenix,Tencent LoL Pro League,2021,Spring,11
Tian,FunPlus Phoenix,Tencent LoL Pro League,2021,Summer,39
Tian,Suning,Tencent LoL Pro League,2018,Spring,12
Tian,Top Esports,Tencent LoL Pro League,2022,Spring,30
Tian,Top Esports,Tencent LoL Pro League,2022,Summer,38
Tian,Top Esports,Tencent LoL Pro League,2023,Spring,38
Tian,Top Esports,Tencent LoL Pro League,2023,Summer,38
Tian,Top Esports,Tencent LoL Pro League,2024,Spring,37
Tian,Top Esports,Tencent LoL Pro League,2024,Summer,17
Tian,Top Esports,Tencent LoL Pro League,2024,Summer Placements,13
Tianci,Royal Never Give Up,Tencent LoL Pro League,2019,Spring,2
Tianzhen,Invictus Gaming,Tencent LoL Pro League,2023,Summer,29
Tianzhen,Invictus Gaming,Tencent LoL Pro League,2024,Spring,12
Tianzhen,Oh My God,Tencent LoL Pro League,2024,Summer,17
Time (Tang Jing-Tai),Invictus Gaming,Tencent LoL Pro League,2015,Summer,8
Time (Tang Jing-Tai),Invictus Gaming,Tencent LoL Pro League,2016,Spring,14
TnT,Qiao Gu Reapers,Tencent LoL Pro League,2015,Summer,44
Totoro (Eun Jong-seop),bbq Olivers,LoL Champions Korea,2017,Spring,44
Totoro (Eun Jong-seop),bbq Olivers,LoL Champions Korea,2017,Summer,45
Totoro (Eun Jong-seop),ESC Ever,LoL Champions Korea,2016,Summer,12
TrAce,Jin Air Green Wings,LoL Champions Korea,2016,Spring,41
TrAce,Jin Air Green Wings,LoL Champions Korea,2016,Summer,44
Trick,bbq Olivers,LoL Champions Korea,2018,Spring,36
Trick,bbq Olivers,LoL Champions Korea,2018,Summer,36
Trigger (Kim Eui-joo),APK Prince,LoL Champions Korea,2020,Spring,6
Trigger (Kim Eui-joo),SeolHaeOne Prince,LoL Champions Korea,2020,Summer,13
Trigger (Kim Eui-joo),Victory Five,Tencent LoL Pro League,2021,Spring,20
TusiN,Afreeca Freecs,LoL Champions Korea,2017,Spring,46
TusiN,Afreeca Freecs,LoL Champions Korea,2017,Summer,48
TusiN,Afreeca Freecs,LoL Champions Korea,2018,Spring,41
TusiN,Afreeca Freecs,LoL Champions Korea,2018,Summer,46
TusiN,Kingzone DragonX,LoL Champions Korea,2019,Spring,39
TusiN,Kingzone DragonX,LoL Champions Korea,2019,Summer,46
TusiN,KT Rolster,LoL Champions Korea,2020,Spring,46
TusiN,KT Rolster,LoL Champions Korea,2020,Summer,38
Twila,Dominus Esports,Tencent LoL Pro League,2019,Summer,36
Twila,Dominus Esports,Tencent LoL Pro League,2020,Summer,36
Twila,SinoDragon Gaming,Tencent LoL Pro League,2019,Spring,35
Twila,ThunderTalk Gaming,Tencent LoL Pro League,2021,Spring,33
U,EDward Gaming,Tencent LoL Pro League,2015,Spring,2
U,Snake Esports,Tencent LoL Pro League,2015,Summer,44
U Jun,Kongdoo Monster,LoL Champions Korea,2018,Spring,8
Ucal,Afreeca Freecs,LoL Champions Korea,2019,Spring,22
Ucal,Afreeca Freecs,LoL Champions Korea,2019,Summer,46
Ucal,Griffin (Korean Team),LoL Champions Korea,2020,Spring,44
Ucal,KT Rolster,LoL Champions Korea,2018,Spring,12
Ucal,KT Rolster,LoL Champions Korea,2018,Summer,42
Ucal,KT Rolster,LoL Champions Korea,2020,Summer,18
Ucal,KT Rolster,LoL Champions Korea,2021,Spring,28
Ucal,KT Rolster,LoL Champions Korea,2021,Summer,1
UCAL,ThunderTalk Gaming,Tencent LoL Pro League,2022,Spring,26
ucal,ThunderTalk Gaming,Tencent LoL Pro League,2022,Summer,41
ucal,ThunderTalk Gaming,Tencent LoL Pro League,2023,Spring,36
ucal,ThunderTalk Gaming,Tencent LoL Pro League,2023,Summer,41
ucal,ThunderTalk Gaming,Tencent LoL Pro League,2024,Spring,37
ucal,ThunderTalk Gaming,Tencent LoL Pro League,2024,Summer,15
ucal,ThunderTalk Gaming,Tencent LoL Pro League,2024,Summer Placements,14
UmTi,BRION,LoL Champions Korea,2023,Spring,44
UmTi,Fredit BRION,LoL Champions Korea,2021,Spring,38
UmTi,Fredit BRION,LoL Champions Korea,2021,Summer,46
UmTi,Fredit BRION,LoL Champions Korea,2022,Spring,40
UmTi,Fredit BRION,LoL Champions Korea,2022,Summer,39
UmTi,Jin Air Green Wings,LoL Champions Korea,2017,Spring,37
UmTi,Jin Air Green Wings,LoL Champions Korea,2017,Summer,41
UmTi,Jin Air Green Wings,LoL Champions Korea,2018,Spring,44
UmTi,Jin Air Green Wings,LoL Champions Korea,2018,Summer,41
UmTi,KT Rolster,LoL Champions Korea,2019,Spring,14
UmTi,KT Rolster,LoL Champions Korea,2019,Summer,9
UmTi,OKSavingsBank BRION,LoL Champions Korea,2023,Summer,45
Uniboy,LGD Gaming,Tencent LoL Pro League,2021,Spring,37
Uniboy,Victory Five,Tencent LoL Pro League,2021,Summer,35
Untara,CJ Entus,LoL Champions Korea,2016,Spring,46
Untara,CJ Entus,LoL Champions Korea,2016,Summer,28
Untara,Griffin (Korean Team),LoL Champions Korea,2020,Spring,9
Untara,SK Telecom T1,LoL Champions Korea,2017,Summer,25
Untara,SK Telecom T1,LoL Champions Korea,2018,Spring,21
Uzi (Jian Zi-Hao),Bilibili Gaming,Tencent LoL Pro League,2022,Spring,9
Uzi (Jian Zi-Hao),EDward Gaming,Tencent LoL Pro League,2023,Summer,31
Uzi (Jian Zi-Hao),Oh My God,Tencent LoL Pro League,2015,Spring,41
Uzi (Jian Zi-Hao),Oh My God,Tencent LoL Pro League,2015,Summer,30
Uzi (Jian Zi-Hao),Qiao Gu Reapers,Tencent LoL Pro League,2016,Spring,17
Uzi (Jian Zi-Hao),Royal Never Give Up,Tencent LoL Pro League,2016,Summer,40
Uzi (Jian Zi-Hao),Royal Never Give Up,Tencent LoL Pro League,2017,Spring,34
Uzi (Jian Zi-Hao),Royal Never Give Up,Tencent LoL Pro League,2017,Summer,21
Uzi (Jian Zi-Hao),Royal Never Give Up,Tencent LoL Pro League,2018,Spring,28
Uzi (Jian Zi-Hao),Royal Never Give Up,Tencent LoL Pro League,2018,Summer,27
Uzi (Jian Zi-Hao),Royal Never Give Up,Tencent LoL Pro League,2019,Spring,30
Uzi (Jian Zi-Hao),Royal Never Give Up,Tencent LoL Pro League,2019,Summer,35
V,Newbee,Tencent LoL Pro League,2016,Summer,39
V,Newbee,Tencent LoL Pro League,2017,Spring,25
V,Newbee,Tencent LoL Pro League,2017,Summer,17
V,Qiao Gu Reapers,Tencent LoL Pro League,2015,Summer,44
V,Qiao Gu Reapers,Tencent LoL Pro League,2016,Spring,37
v,Star Horn Royal Club,Tencent LoL Pro League,2015,Spring,1
Vampire,EDward Gaming,Tencent LoL Pro League,2024,Spring,37
Vampire,Invictus Gaming,Tencent LoL Pro League,2024,Summer,16
Vampire,Invictus Gaming,Tencent LoL Pro League,2024,Summer Placements,19
Vasilii,Newbee,Tencent LoL Pro League,2017,Summer,8
Vasilii,Vici Gaming,Tencent LoL Pro League,2015,Spring,44
VicLa,KT Rolster,LoL Champions Korea,2022,Spring,14
VicLa,KT Rolster,LoL Champions Korea,2022,Summer,36
VicLa,Rare Atom,Tencent LoL Pro League,2024,Spring,38
VicLa,Rare Atom,Tencent LoL Pro League,2024,Summer,16
VicLa,Rare Atom,Tencent LoL Pro League,2024,Summer Placements,14
View,Suning,Tencent LoL Pro League,2021,Summer,1
View,Team WE,Tencent LoL Pro League,2022,Spring,15
View,Team WE,Tencent LoL Pro League,2022,Summer,17
Viper (Park Do-hyeon),EDward Gaming,Tencent LoL Pro League,2021,Spring,36
Viper (Park Do-hyeon),EDward Gaming,Tencent LoL Pro League,2021,Summer,35
Viper (Park Do-hyeon),EDward Gaming,Tencent LoL Pro League,2022,Spring,37
Viper (Park Do-hyeon),EDward Gaming,Tencent LoL Pro League,2022,Summer,38
Viper (Park Do-hyeon),Griffin (Korean Team),LoL Champions Korea,2018,Summer,41
Viper (Park Do-hyeon),Griffin (Korean Team),LoL Champions Korea,2019,Spring,39
Viper (Park Do-hyeon),Griffin (Korean Team),LoL Champions Korea,2019,Summer,42
Viper (Park Do-hyeon),Griffin (Korean Team),LoL Champions Korea,2020,Spring,45
Viper (Park Do-hyeon),Hanwha Life Esports,LoL Champions Korea,2020,Summer,42
Viper (Park Do-hyeon),Hanwha Life Esports,LoL Champions Korea,2023,Spring,45
Viper (Park Do-hyeon),Hanwha Life Esports,LoL Champions Korea,2023,Summer,41
Viper (Park Do-hyeon),Hanwha Life Esports,LoL Champions Korea,2024,Spring,41
Viper (Park Do-hyeon),Hanwha Life Esports,LoL Champions Korea,2024,Summer,41
vital,Nongshim RedForce,LoL Champions Korea,2022,Spring,7
vital,Nongshim RedForce,LoL Champions Korea,2023,Spring,42
vital,Nongshim RedForce,LoL Champions Korea,2023,Summer,7
vital,Nongshim RedForce,LoL Champions Korea,2024,Summer,11
Vsta,Hanwha Life Esports,LoL Champions Korea,2020,Spring,35
Vsta,Hanwha Life Esports,LoL Champions Korea,2021,Spring,44
Vsta,Hanwha Life Esports,LoL Champions Korea,2021,Summer,43
Vsta,Hanwha Life Esports,LoL Champions Korea,2022,Spring,38
Vsta,Hanwha Life Esports,LoL Champions Korea,2022,Summer,46
Way (Han Gil),KT Rolster,LoL Champions Korea,2023,Summer,1
Wayward,Team WE,Tencent LoL Pro League,2024,Spring,38
Wayward,Team WE,Tencent LoL Pro League,2024,Summer,15
Wayward,Team WE,Tencent LoL Pro League,2024,Summer Placements,14
Wayward,Top Esports,Tencent LoL Pro League,2022,Spring,28
Wayward,Top Esports,Tencent LoL Pro League,2022,Summer,36
Wayward,Top Esports,Tencent LoL Pro League,2023,Spring,2
Wayward,Top Esports,Tencent LoL Pro League,2023,Summer,38
We1less,LGD Gaming,Tencent LoL Pro League,2015,Spring,44
We1less,LGD Gaming,Tencent LoL Pro League,2016,Spring,36
We1less,LGD Gaming,Tencent LoL Pro League,2016,Summer,10
Wei (Wang Huan-Wei),Star Horn Royal Club,Tencent LoL Pro League,2015,Spring,12
Wei (Yan Yang-Wei),Bilibili Gaming,Tencent LoL Pro League,2024,Summer,13
Wei (Yan Yang-Wei),eStar (Chinese Team),Tencent LoL Pro League,2020,Spring,37
Wei (Yan Yang-Wei),eStar (Chinese Team),Tencent LoL Pro League,2020,Summer,40
Wei (Yan Yang-Wei),Royal Never Give Up,Tencent LoL Pro League,2021,Spring,37
Wei (Yan Yang-Wei),Royal Never Give Up,Tencent LoL Pro League,2021,Summer,39
Wei (Yan Yang-Wei),Royal Never Give Up,Tencent LoL Pro League,2022,Spring,39
Wei (Yan Yang-Wei),Royal Never Give Up,Tencent LoL Pro League,2022,Summer,43
Wei (Yan Yang-Wei),Royal Never Give Up,Tencent LoL Pro League,2023,Spring,37
Wei (Yan Yang-Wei),Royal Never Give Up,Tencent LoL Pro League,2023,Summer,40
Wei (Yan Yang-Wei),Royal Never Give Up,Tencent LoL Pro League,2024,Spring,36
Wei (Yan Yang-Wei),Royal Never Give Up,Tencent LoL Pro League,2024,Summer Placements,14
Weiwei,Bilibili Gaming,Tencent LoL Pro League,2021,Summer,41
Weiwei,Bilibili Gaming,Tencent LoL Pro League,2022,Spring,44
Weiwei,Bilibili Gaming,Tencent LoL Pro League,2022,Summer,28
Weiwei,LNG Esports,Tencent LoL Pro League,2024,Spring,41
Weiwei,LNG Esports,Tencent LoL Pro League,2024,Summer,21
Weiwei,LNG Esports,Tencent LoL Pro League,2024,Summer Placements,15
Weiwei,Suning,Tencent LoL Pro League,2019,Spring,15
Weiwei,Suning,Tencent LoL Pro League,2019,Summer,31
Weiwei,Suning,Tencent LoL Pro League,2020,Spring,2
Weiwei,Victory Five,Tencent LoL Pro League,2020,Summer,41
Weiwei,Victory Five,Tencent LoL Pro League,2021,Spring,38
Weiwei,Weibo Gaming,Tencent LoL Pro League,2023,Summer,39
WeiYan,Rogue Warriors,Tencent LoL Pro League,2019,Summer,12
WeiYan,Rogue Warriors,Tencent LoL Pro League,2020,Spring,14
Wen (Liao Wen-Wei),Invictus Gaming,Tencent LoL Pro League,2023,Summer,5
Wen (Liao Wen-Wei),Invictus Gaming,Tencent LoL Pro League,2024,Spring,4
West,Game Talents,Tencent LoL Pro League,2017,Spring,22
West,Invictus Gaming,Tencent LoL Pro League,2017,Summer,39
West,Invictus Gaming,Tencent LoL Pro League,2018,Summer,3
West,Invictus Gaming,Tencent LoL Pro League,2019,Spring,2
Willer,FearX,LoL Champions Korea,2024,Spring,43
Willer,Hanwha Life Esports,LoL Champions Korea,2021,Summer,16
Willer,Hanwha Life Esports,LoL Champions Korea,2022,Spring,3
Willer,Hanwha Life Esports,LoL Champions Korea,2022,Summer,3
Willer,Liiv SANDBOX,LoL Champions Korea,2023,Spring,47
Willer,Liiv SANDBOX,LoL Champions Korea,2023,Summer,40
Windy,Victory Five,Tencent LoL Pro League,2019,Summer,29
Winged,Jin Air Green Wings,LoL Champions Korea,2016,Spring,42
Winged,Jin Air Green Wings,LoL Champions Korea,2016,Summer,45
Wings (Wang Shu-Kai),Bilibili Gaming,Tencent LoL Pro League,2020,Summer,39
Wink,EDward Gaming,Tencent LoL Pro League,2024,Summer,18
Wink,EDward Gaming,Tencent LoL Pro League,2024,Summer Placements,13
Wink,eStar (Chinese Team),Tencent LoL Pro League,2020,Spring,37
Wink,eStar (Chinese Team),Tencent LoL Pro League,2020,Summer,31
Wink,Invictus Gaming,Tencent LoL Pro League,2021,Spring,20
Wink,Invictus Gaming,Tencent LoL Pro League,2021,Summer,33
Wink,Invictus Gaming,Tencent LoL Pro League,2022,Spring,18
Wink,Invictus Gaming,Tencent LoL Pro League,2022,Summer,44
Wink,Invictus Gaming,Tencent LoL Pro League,2023,Spring,36
Wink,Invictus Gaming,Tencent LoL Pro League,2023,Summer,36
Wink,Invictus Gaming,Tencent LoL Pro League,2024,Spring,39
Wink,Royal Never Give Up,Tencent LoL Pro League,2019,Spring,5
Wizer,SANDBOX Gaming,LoL Champions Korea,2019,Spring,1
Wolf (Lee Jae-wan),SK Telecom T1,LoL Champions Korea,2016,Spring,41
Wolf (Lee Jae-wan),SK Telecom T1,LoL Champions Korea,2016,Summer,41
Wolf (Lee Jae-wan),SK Telecom T1,LoL Champions Korea,2017,Spring,42
Wolf (Lee Jae-wan),SK Telecom T1,LoL Champions Korea,2017,Summer,41
Wolf (Lee Jae-wan),SK Telecom T1,LoL Champions Korea,2018,Spring,31
Wolf (Lee Jae-wan),SK Telecom T1,LoL Champions Korea,2018,Summer,6
World6,Oh My God,Tencent LoL Pro League,2016,Summer,4
World6,Oh My God,Tencent LoL Pro League,2017,Spring,30
World6,Oh My God,Tencent LoL Pro League,2017,Summer,13
World6,Oh My God,Tencent LoL Pro League,2018,Spring,18
World6,Oh My God,Tencent LoL Pro League,2018,Summer,10
World6,Oh My God,Tencent LoL Pro League,2019,Summer,20
World6,Vici Gaming,Tencent LoL Pro League,2015,Summer,36
Wraith,Jin Air Green Wings,LoL Champions Korea,2018,Spring,44
Wraith,Samsung Galaxy,LoL Champions Korea,2016,Spring,44
Wraith,Samsung Galaxy,LoL Champions Korea,2016,Summer,37
Wraith,Samsung Galaxy,LoL Champions Korea,2017,Spring,7
Wuming (Wang Xin),Oh My God,Tencent LoL Pro League,2021,Spring,39
Wuming (Wang Xin),Rogue Warriors,Tencent LoL Pro League,2020,Spring,9
Wuming (Wang Xin),Rogue Warriors,Tencent LoL Pro League,2020,Summer,18
WuShuang,Game Talents,Tencent LoL Pro League,2016,Summer,37
WuShuang,Game Talents,Tencent LoL Pro League,2017,Spring,7
wuxin,Team King,Tencent LoL Pro League,2015,Spring,44
wuxx,Royal Never Give Up,Tencent LoL Pro League,2015,Summer,44
wuxx,Royal Never Give Up,Tencent LoL Pro League,2016,Spring,24
wuxx,Royal Never Give Up,Tencent LoL Pro League,2017,Summer,2
WXZ,Invictus Gaming,Tencent LoL Pro League,2018,Summer,1
x1u,Energy Pacemaker,Tencent LoL Pro League,2015,Spring,44
x1u,Hyper Youth Gaming,Tencent LoL Pro League,2016,Spring,33
x1u,Saint Gaming,Tencent LoL Pro League,2016,Summer,28
XBear,Weibo Gaming,Tencent LoL Pro League,2024,Summer Placements,2
XBY,Royal Never Give Up,Tencent LoL Pro League,2024,Summer,2
Xiamu,EDward Gaming,Tencent LoL Pro League,2024,Spring,1
xiao7,ThunderTalk Gaming,Tencent LoL Pro League,2021,Summer,10
XiaoAL,Suning,Tencent LoL Pro League,2017,Summer,39
XiaoAL,Suning,Tencent LoL Pro League,2018,Spring,48
XiaoAL,Suning,Tencent LoL Pro League,2018,Summer,47
XiaoAL,Suning,Tencent LoL Pro League,2019,Spring,33
Xiaobai,eStar (Chinese Team),Tencent LoL Pro League,2020,Spring,37
Xiaobai,eStar (Chinese Team),Tencent LoL Pro League,2020,Summer,35
xiaocaobao,Ultra Prime,Tencent LoL Pro League,2021,Summer,34
xiaofang,Oh My God,Tencent LoL Pro League,2024,Spring,37
xiaofang,Oh My God,Tencent LoL Pro League,2024,Summer Placements,14
xiaohan (Pan Han),JD Gaming,Tencent LoL Pro League,2018,Spring,5
Xiaohan (Pan Han),JD Gaming,Tencent LoL Pro League,2019,Summer,3
xiaohan (Pan Han),Victory Five,Tencent LoL Pro League,2020,Spring,22
Xiaohao,Anyone's Legend,Tencent LoL Pro League,2022,Spring,40
Xiaohao,Anyone's Legend,Tencent LoL Pro League,2022,Summer,37
Xiaohao,Anyone's Legend,Tencent LoL Pro League,2023,Spring,41
Xiaohao,Anyone's Legend,Tencent LoL Pro League,2023,Summer,39
Xiaohao,Rare Atom,Tencent LoL Pro League,2024,Summer,16
Xiaohao,Rare Atom,Tencent LoL Pro League,2024,Summer Placements,14
Xiaohao,Rogue Warriors,Tencent LoL Pro League,2021,Summer,24
Xiaohao,Weibo Gaming,Tencent LoL Pro League,2024,Spring,35
xiaohu,Gamtee,Tencent LoL Pro League,2015,Spring,36
xiaohu,Royal Never Give Up,Tencent LoL Pro League,2015,Summer,44
xiaohu,Royal Never Give Up,Tencent LoL Pro League,2016,Spring,36
xiaohu,Royal Never Give Up,Tencent LoL Pro League,2016,Summer,40
Xiaohu,Royal Never Give Up,Tencent LoL Pro League,2017,Spring,39
Xiaohu,Royal Never Give Up,Tencent LoL Pro League,2017,Summer,38
Xiaohu,Royal Never Give Up,Tencent LoL Pro League,2018,Spring,46
Xiaohu,Royal Never Give Up,Tencent LoL Pro League,2018,Summer,46
Xiaohu,Royal Never Give Up,Tencent LoL Pro League,2019,Spring,35
Xiaohu,Royal Never Give Up,Tencent LoL Pro League,2019,Summer,35
Xiaohu,Royal Never Give Up,Tencent LoL Pro League,2020,Spring,38
Xiaohu,Royal Never Give Up,Tencent LoL Pro League,2020,Summer,35
Xiaohu,Royal Never Give Up,Tencent LoL Pro League,2021,Spring,37
Xiaohu,Royal Never Give Up,Tencent LoL Pro League,2021,Summer,39
Xiaohu,Royal Never Give Up,Tencent LoL Pro League,2022,Spring,39
Xiaohu,Royal Never Give Up,Tencent LoL Pro League,2022,Summer,43
Xiaohu,Weibo Gaming,Tencent LoL Pro League,2023,Spring,39
Xiaohu,Weibo Gaming,Tencent LoL Pro League,2023,Summer,39
Xiaohu,Weibo Gaming,Tencent LoL Pro League,2024,Spring,37
Xiaohu,Weibo Gaming,Tencent LoL Pro League,2024,Summer,18
Xiaohu,Weibo Gaming,Tencent LoL Pro League,2024,Summer Placements,19
xiaohuangren,ThunderTalk Gaming,Tencent LoL Pro League,2023,Summer,5
xiaolaohu,FunPlus Phoenix,Tencent LoL Pro League,2021,Summer,3
xiaolaohu,FunPlus Phoenix,Tencent LoL Pro League,2022,Spring,42
Xiaolaohu,FunPlus Phoenix,Tencent LoL Pro League,2022,Summer,16
Xiaolaohu,FunPlus Phoenix,Tencent LoL Pro League,2023,Spring,24
Xiaolaohu,FunPlus Phoenix,Tencent LoL Pro League,2023,Summer,37
Xiaolaohu,FunPlus Phoenix,Tencent LoL Pro League,2024,Spring,40
Xiaolaohu,FunPlus Phoenix,Tencent LoL Pro League,2024,Summer,2
Xiaolaohu,FunPlus Phoenix,Tencent LoL Pro League,2024,Summer Placements,13
Xiaopeng,Dominus Esports,Tencent LoL Pro League,2019,Summer,26
Xiaopeng,Dominus Esports,Tencent LoL Pro League,2020,Spring,31
Xiaopeng,Dominus Esports,Tencent LoL Pro League,2020,Summer,36
Xiaopeng,SinoDragon Gaming,Tencent LoL Pro League,2019,Spring,35
Xiaopeng,ThunderTalk Gaming,Tencent LoL Pro League,2021,Spring,31
Xiaopeng,ThunderTalk Gaming,Tencent LoL Pro League,2021,Summer,36
Xiaopeng,Top Esports,Tencent LoL Pro League,2022,Spring,11
Xiaowei,Dominus Esports,Tencent LoL Pro League,2020,Spring,9
xiaoxi,LGD Gaming,Tencent LoL Pro League,2015,Summer,6
xiaoxi,LGD Gaming,Tencent LoL Pro League,2016,Spring,7
Xiaoxiang,EDward Gaming,Tencent LoL Pro League,2020,Spring,7
Xiaoxiang,EDward Gaming,Tencent LoL Pro League,2020,Summer,18
Xiaoxiang,EDward Gaming,Tencent LoL Pro League,2022,Spring,12
Xiaoxiang,ThunderTalk Gaming,Tencent LoL Pro League,2022,Summer,13
Xiaoxu,LGD Gaming,Tencent LoL Pro League,2023,Spring,38
Xiaoxu,Rare Atom,Tencent LoL Pro League,2023,Summer,37
Xiaoxu,Rare Atom,Tencent LoL Pro League,2024,Spring,38
Xiaoxu,Rare Atom,Tencent LoL Pro League,2024,Summer,16
Xiaoxu,Rare Atom,Tencent LoL Pro League,2024,Summer Placements,14
XiaoYao,Rogue Warriors,Tencent LoL Pro League,2019,Spring,11
Xiaoyu (Liang Jian),Game Talents,Tencent LoL Pro League,2017,Spring,31
xiaoyueji,Invictus Gaming,Tencent LoL Pro League,2022,Spring,8
xiaoyueji,Invictus Gaming,Tencent LoL Pro League,2023,Summer,2
xiaoyueji,Invictus Gaming,Tencent LoL Pro League,2024,Spring,3
Xing (Liu Jia-Xing),Team WE,Tencent LoL Pro League,2022,Spring,24
Xing (Liu Jia-Xing),Team WE,Tencent LoL Pro League,2022,Summer,27
XinLiu,Invictus Gaming,Tencent LoL Pro League,2022,Summer,15
XinLiu,ThunderTalk Gaming,Tencent LoL Pro League,2023,Spring,7
XinMo,Bilibili Gaming,Tencent LoL Pro League,2019,Summer,35
XinMo,Bilibili Gaming,Tencent LoL Pro League,2020,Spring,42
XinMo,Bilibili Gaming,Tencent LoL Pro League,2020,Summer,39
Xintai,Vici Gaming,Tencent LoL Pro League,2018,Summer,13
Xinyi,FunPlus Phoenix,Tencent LoL Pro League,2018,Summer,13
Xinyi,JD Gaming,Tencent LoL Pro League,2017,Summer,30
Xinyi,QG Reapers,Tencent LoL Pro League,2017,Spring,1
xiyang,Oh My God,Tencent LoL Pro League,2015,Spring,5
xiyang,Oh My God,Tencent LoL Pro League,2015,Summer,40
xiyang,Oh My God,Tencent LoL Pro League,2016,Spring,34
xiyang,Oh My God,Tencent LoL Pro League,2016,Summer,35
Xiyang,Oh My God,Tencent LoL Pro League,2017,Spring,37
Xiyang,Oh My God,Tencent LoL Pro League,2017,Summer,39
Xiyang,Oh My God,Tencent LoL Pro League,2018,Spring,40
Xiyang,Oh My God,Tencent LoL Pro League,2018,Summer,46
Xiyang,Oh My God,Tencent LoL Pro League,2019,Spring,9
xiye,Dominus Esports,Tencent LoL Pro League,2020,Spring,26
Xiye,JD Gaming,Tencent LoL Pro League,2021,Spring,2
xiye,LGD Gaming,Tencent LoL Pro League,2020,Summer,40
xiye,LGD Gaming,Tencent LoL Pro League,2021,Summer,37
xiye,Team WE,Tencent LoL Pro League,2015,Spring,14
xiye,Team WE,Tencent LoL Pro League,2015,Summer,44
xiye,Team WE,Tencent LoL Pro League,2016,Spring,39
xiye,Team WE,Tencent LoL Pro League,2016,Summer,42
xiye,Team WE,Tencent LoL Pro League,2017,Spring,37
xiye,Team WE,Tencent LoL Pro League,2017,Summer,40
xiye,Team WE,Tencent LoL Pro League,2018,Spring,49
xiye,Team WE,Tencent LoL Pro League,2018,Summer,48
xiye,Team WE,Tencent LoL Pro League,2019,Spring,33
xiye,Team WE,Tencent LoL Pro League,2019,Summer,37
xiye,Team WE,Tencent LoL Pro League,2022,Spring,18
xiye,Team WE,Tencent LoL Pro League,2022,Summer,7
XLB,Ninjas in Pyjamas.CN,Tencent LoL Pro League,2023,Spring,27
XLB,Ninjas in Pyjamas.CN,Tencent LoL Pro League,2023,Summer,1
XLB,Royal Never Give Up,Tencent LoL Pro League,2020,Spring,38
XLB,Royal Never Give Up,Tencent LoL Pro League,2020,Summer,39
XLB,Victory Five,Tencent LoL Pro League,2022,Spring,2
XLB,Victory Five,Tencent LoL Pro League,2022,Summer,18
xQ,Hyper Youth Gaming,Tencent LoL Pro League,2016,Spring,33
xQ,Saint Gaming,Tencent LoL Pro League,2016,Summer,16
xqw,LGD Gaming,Tencent LoL Pro League,2023,Spring,7
Xuan (Pi Xiao-Xuan),Vici Gaming,Tencent LoL Pro League,2015,Summer,13
Xuan (Wu Zheng-Hang),Oh My God,Tencent LoL Pro League,2019,Spring,4
XuanXuanPi,Oh My God,Tencent LoL Pro League,2018,Summer,17
XuanXuanPi,Vici Gaming,Tencent LoL Pro League,2016,Summer,18
XuanXuanPi,Vici Gaming,Tencent LoL Pro League,2017,Spring,17
xubin,Dominus Esports,Tencent LoL Pro League,2020,Summer,30
Xubin,Game Talents,Tencent LoL Pro League,2017,Spring,13
Xun,Bilibili Gaming,Tencent LoL Pro League,2023,Spring,42
Xun,Bilibili Gaming,Tencent LoL Pro League,2023,Summer,37
Xun,Bilibili Gaming,Tencent LoL Pro League,2024,Spring,35
Xun,Bilibili Gaming,Tencent LoL Pro League,2024,Summer,9
Xun,Bilibili Gaming,Tencent LoL Pro League,2024,Summer Placements,14
XUN,Invictus Gaming,Tencent LoL Pro League,2021,Spring,36
XUN,Invictus Gaming,Tencent LoL Pro League,2021,Summer,37
Xun,Invictus Gaming,Tencent LoL Pro League,2022,Spring,38
Xun,Invictus Gaming,Tencent LoL Pro League,2022,Summer,44
xunyu,Rogue Warriors,Tencent LoL Pro League,2020,Summer,3
Xuzhu,Rogue Warriors,Tencent LoL Pro League,2019,Spring,22
Xx (Xiong Yu-Long),LNG Esports,Tencent LoL Pro League,2020,Spring,41
Xx (Xiong Yu-Long),LNG Esports,Tencent LoL Pro League,2020,Summer,36
Xx (Xiong Yu-Long),Top Esports,Tencent LoL Pro League,2019,Summer,29
Xx (Xiong Yu-Long),Topsports Gaming,Tencent LoL Pro League,2018,Spring,19
Xx (Xiong Yu-Long),Topsports Gaming,Tencent LoL Pro League,2018,Summer,47
Xx (Xiong Yu-Long),Topsports Gaming,Tencent LoL Pro League,2019,Spring,36
xy,Masters 3,Tencent LoL Pro League,2016,Spring,27
Xzz,Royal Never Give Up,Tencent LoL Pro League,2024,Summer,8
Xzz,Royal Never Give Up,Tencent LoL Pro League,2024,Summer Placements,2
Y1han,Oh My God,Tencent LoL Pro League,2019,Summer,8
Y1HAN,Royal Never Give Up,Tencent LoL Pro League,2017,Spring,5
Y1HAN,Royal Never Give Up,Tencent LoL Pro League,2017,Summer,7
y4,LGD Gaming,Tencent LoL Pro League,2018,Summer,38
y4,Royal Never Give Up,Tencent LoL Pro League,2017,Summer,15
y4,Royal Never Give Up,Tencent LoL Pro League,2018,Spring,8
y4,Victory Five,Tencent LoL Pro League,2019,Spring,36
y4,Victory Five,Tencent LoL Pro League,2019,Summer,35
y4,Victory Five,Tencent LoL Pro League,2020,Spring,33
y4,Victory Five,Tencent LoL Pro League,2020,Summer,5
y4,Victory Five,Tencent LoL Pro League,2021,Spring,18
Yagao,Bilibili Gaming,Tencent LoL Pro League,2023,Spring,42
Yagao,Bilibili Gaming,Tencent LoL Pro League,2023,Summer,37
YaGao,JD Gaming,Tencent LoL Pro League,2018,Spring,48
YaGao,JD Gaming,Tencent LoL Pro League,2018,Summer,50
Yagao,JD Gaming,Tencent LoL Pro League,2019,Spring,39
Yagao,JD Gaming,Tencent LoL Pro League,2019,Summer,36
Yagao,JD Gaming,Tencent LoL Pro League,2020,Spring,36
Yagao,JD Gaming,Tencent LoL Pro League,2020,Summer,39
Yagao,JD Gaming,Tencent LoL Pro League,2021,Spring,31
Yagao,JD Gaming,Tencent LoL Pro League,2021,Summer,37
Yagao,JD Gaming,Tencent LoL Pro League,2022,Spring,38
Yagao,JD Gaming,Tencent LoL Pro League,2022,Summer,42
Yagao,JD Gaming,Tencent LoL Pro League,2024,Spring,39
Yagao,JD Gaming,Tencent LoL Pro League,2024,Summer,20
Yagao,JD Gaming,Tencent LoL Pro League,2024,Summer Placements,13
Yaharong,Fredit BRION,LoL Champions Korea,2021,Spring,9
Yaharong,Fredit BRION,LoL Champions Korea,2021,Summer,3
Yanxiang,Team WE,Tencent LoL Pro League,2024,Summer,15
yaoyao,ThunderTalk Gaming,Tencent LoL Pro League,2022,Summer,30
yaoyao,ThunderTalk Gaming,Tencent LoL Pro League,2023,Spring,29
yaoyao,ThunderTalk Gaming,Tencent LoL Pro League,2023,Summer,32
Ye (Ji Xin-Yu),ThunderTalk Gaming,Tencent LoL Pro League,2021,Summer,34
YeG,LGD Gaming,Tencent LoL Pro League,2022,Spring,17
YeG,LGD Gaming,Tencent LoL Pro League,2022,Summer,19
Yeongjae (Ko Yeong-jae),Hanwha Life Esports,LoL Champions Korea,2020,Summer,10
Yimeng,Team WE,Tencent LoL Pro League,2021,Spring,2
yoHan,Hanwha Life Esports,LoL Champions Korea,2021,Spring,17
yoHan,Hanwha Life Esports,LoL Champions Korea,2021,Summer,11
yolo (Jang Hyeon-su),Masters 3,Tencent LoL Pro League,2016,Spring,29
Yondu,MVP,LoL Champions Korea,2018,Summer,41
Yoon,Suning,Tencent LoL Pro League,2017,Summer,37
Yoon,Suning,Tencent LoL Pro League,2018,Spring,48
Yoon,Suning,Tencent LoL Pro League,2018,Summer,47
Youdang,Rogue Warriors,Tencent LoL Pro League,2020,Summer,5
Youdang,Vici Gaming,Tencent LoL Pro League,2018,Summer,9
Youdang,Vici Gaming,Tencent LoL Pro League,2019,Summer,15
Youdang,Weibo Gaming,Tencent LoL Pro League,2024,Spring,2
YoungJae,Gen.G,LoL Champions Korea,2021,Summer,3
YoungJae,Gen.G,LoL Champions Korea,2022,Spring,5
YoungJae,Kwangdong Freecs,LoL Champions Korea,2023,Spring,45
YoungJae,Kwangdong Freecs,LoL Champions Korea,2023,Summer,38
YoungJae,OKSavingsBank BRION,LoL Champions Korea,2024,Summer,35
YSKM,Invictus Gaming,Tencent LoL Pro League,2023,Spring,31
YSKM,Invictus Gaming,Tencent LoL Pro League,2023,Summer,29
YSKM,Invictus Gaming,Tencent LoL Pro League,2024,Spring,35
YSKM,Invictus Gaming,Tencent LoL Pro League,2024,Summer,16
YSKM,Invictus Gaming,Tencent LoL Pro League,2024,Summer Placements,4
Yu (Li Xin-Nan),LGD Gaming,Tencent LoL Pro League,2016,Spring,5
Yu (Li Xin-Nan),LGD Gaming,Tencent LoL Pro League,2016,Summer,7
Yueguan,Vici Gaming,Tencent LoL Pro League,2018,Summer,3
Yuekai,Invictus Gaming,Tencent LoL Pro League,2022,Spring,33
Yuekai,Invictus Gaming,Tencent LoL Pro League,2022,Summer,21
Yuekai,Royal Never Give Up,Tencent LoL Pro League,2021,Summer,3
Yuekai,Ultra Prime,Tencent LoL Pro League,2024,Spring,39
Yuekai,Ultra Prime,Tencent LoL Pro League,2024,Summer,16
Yuekai,Ultra Prime,Tencent LoL Pro League,2024,Summer Placements,19
Yui,Dominus Esports,Tencent LoL Pro League,2020,Summer,21
Yuuki (Hu Hao-Ming),LGD Gaming,Tencent LoL Pro League,2018,Spring,43
Yuuki (Hu Hao-Ming),LGD Gaming,Tencent LoL Pro League,2018,Summer,44
Yuuki (Hu Hao-Ming),LGD Gaming,Tencent LoL Pro League,2019,Spring,24
Yuuki (Hu Hao-Ming),LGD Gaming,Tencent LoL Pro League,2019,Summer,37
Yuuki (Hu Hao-Ming),LGD Gaming,Tencent LoL Pro League,2020,Spring,36
yuyanjia,Rare Atom,Tencent LoL Pro League,2022,Spring,30
yuyanjia,Rare Atom,Tencent LoL Pro League,2022,Summer,33
yuyanjia,ThunderTalk Gaming,Tencent LoL Pro League,2023,Summer,9
yuyanjia,Top Esports,Tencent LoL Pro League,2020,Spring,11
yuyanjia,Top Esports,Tencent LoL Pro League,2020,Summer,37
yuyanjia,Top Esports,Tencent LoL Pro League,2021,Summer,9
YuZhe,Team WE,Tencent LoL Pro League,2015,Spring,38
ZangAo,Energy Pacemaker,Tencent LoL Pro League,2015,Spring,10
Zdz,Anyone's Legend,Tencent LoL Pro League,2022,Spring,40
Zdz,Anyone's Legend,Tencent LoL Pro League,2022,Summer,37
Zdz,Anyone's Legend,Tencent LoL Pro League,2023,Spring,41
Zdz,Anyone's Legend,Tencent LoL Pro League,2023,Summer,39
Zdz,FunPlus Phoenix,Tencent LoL Pro League,2024,Summer,17
Zdz,Rogue Warriors,Tencent LoL Pro League,2021,Summer,24
Zdz,Royal Never Give Up,Tencent LoL Pro League,2024,Summer Placements,8
Zdz,Vici Gaming,Tencent LoL Pro League,2019,Spring,13
Zdz,Weibo Gaming,Tencent LoL Pro League,2024,Spring,37
Zeka (Kim Geon-woo),Bilibili Gaming,Tencent LoL Pro League,2021,Spring,38
Zeka (Kim Geon-woo),Bilibili Gaming,Tencent LoL Pro League,2021,Summer,41
Zeka (Kim Geon-woo),DRX,LoL Champions Korea,2022,Spring,40
Zeka (Kim Geon-woo),DRX,LoL Champions Korea,2022,Summer,45
ZEKA (Kim Geon-woo),Hanwha Life Esports,LoL Champions Korea,2023,Spring,45
Zeka (Kim Geon-woo),Hanwha Life Esports,LoL Champions Korea,2023,Summer,41
Zeka (Kim Geon-woo),Hanwha Life Esports,LoL Champions Korea,2024,Spring,41
Zeka (Kim Geon-woo),Hanwha Life Esports,LoL Champions Korea,2024,Summer,41
Zeka (Kim Geon-woo),Vici Gaming,Tencent LoL Pro League,2020,Spring,10
Zeka (Kim Geon-woo),Vici Gaming,Tencent LoL Pro League,2020,Summer,34
Zenit,Hanwha Life Esports,LoL Champions Korea,2020,Spring,5
Zenit,KT Rolster,LoL Champions Korea,2019,Spring,26
Zero (Yoon Kyung-sup),Star Horn Royal Club,Tencent LoL Pro League,2015,Spring,44
Zero (Yoon Kyung-sup),Team King,Tencent LoL Pro League,2015,Summer,36
Zero (Yoon Kyung-sup),Team WE,Tencent LoL Pro League,2016,Spring,39
Zero (Yoon Kyung-sup),Team WE,Tencent LoL Pro League,2016,Summer,42
Zero (Yoon Kyung-sup),Team WE,Tencent LoL Pro League,2017,Spring,5
Zero (Yoon Kyung-sup),Team WE,Tencent LoL Pro League,2017,Summer,3
Zero (Yoon Kyung-sup),Team WE,Tencent LoL Pro League,2018,Spring,2
Zest (Kim Dong-min),Gen.G,LoL Champions Korea,2022,Spring,2
Zet,EDward Gaming,Tencent LoL Pro League,2017,Spring,40
Zet,EDward Gaming,Tencent LoL Pro League,2017,Summer,22
Zeus,T1,LoL Champions Korea,2021,Spring,19
Zeus,T1,LoL Champions Korea,2022,Spring,43
Zeus,T1,LoL Champions Korea,2022,Summer,44
Zeus,T1,LoL Champions Korea,2023,Spring,43
Zeus,T1,LoL Champions Korea,2023,Summer,42
Zeus,T1,LoL Champions Korea,2024,Spring,40
Zeus,T1,LoL Champions Korea,2024,Summer,44
ZhaoYun,Rogue Warriors,Tencent LoL Pro League,2019,Spring,20
zhiqiuyi,Anyone's Legend,Tencent LoL Pro League,2023,Summer,18
Zhuo,Ninjas in Pyjamas.CN,Tencent LoL Pro League,2023,Spring,39
Zhuo,Ninjas in Pyjamas.CN,Tencent LoL Pro League,2023,Summer,36
Zhuo,Ninjas in Pyjamas.CN,Tencent LoL Pro League,2024,Spring,36
Zhuo,Ninjas in Pyjamas.CN,Tencent LoL Pro League,2024,Summer,19
Zhuo,Ninjas in Pyjamas.CN,Tencent LoL Pro League,2024,Summer Placements,19
Zhuo,Top Esports,Tencent LoL Pro League,2021,Spring,35
Zhuo,Top Esports,Tencent LoL Pro League,2021,Summer,29
Zhuo,Top Esports,Tencent LoL Pro League,2022,Spring,13
Zika,Invictus Gaming,Tencent LoL Pro League,2022,Spring,30
Zika,Invictus Gaming,Tencent LoL Pro League,2022,Summer,44
Zika,LNG Esports,Tencent LoL Pro League,2023,Spring,39
Zika,LNG Esports,Tencent LoL Pro League,2023,Summer,37
Zika,LNG Esports,Tencent LoL Pro League,2024,Spring,41
Zika,LNG Esports,Tencent LoL Pro League,2024,Summer,21
Zika,LNG Esports,Tencent LoL Pro League,2024,Summer Placements,15
Ziv (Chen Yi),Rogue Warriors,Tencent LoL Pro League,2021,Spring,34
Zoom,JD Gaming,Tencent LoL Pro League,2018,Spring,48
Zoom,JD Gaming,Tencent LoL Pro League,2018,Summer,50
Zoom,JD Gaming,Tencent LoL Pro League,2019,Spring,39
Zoom,JD Gaming,Tencent LoL Pro League,2019,Summer,33
Zoom,JD Gaming,Tencent LoL Pro League,2020,Spring,16
Zoom,JD Gaming,Tencent LoL Pro League,2020,Summer,39
Zoom,JD Gaming,Tencent LoL Pro League,2021,Spring,33
Zoom,JD Gaming,Tencent LoL Pro League,2021,Summer,37
Zoom,Top Esports,Tencent LoL Pro League,2022,Spring,13
Zoom,Ultra Prime,Tencent LoL Pro League,2022,Summer,36
Zorah,Anyone's Legend,Tencent LoL Pro League,2023,Summer,39
Zorah,Rare Atom,Tencent LoL Pro League,2022,Spring,8
Zorah,Rare Atom,Tencent LoL Pro League,2022,Summer,9
Zorah,Rare Atom,Tencent LoL Pro League,2024,Spring,33
zs,eStar (Chinese Team),Tencent LoL Pro League,2021,Spring,36
zs,Ultra Prime,Tencent LoL Pro League,2021,Summer,39
zs,Ultra Prime,Tencent LoL Pro League,2022,Spring,24
ZUIAN,Invictus Gaming,Tencent LoL Pro League,2024,Summer Placements,15
ZWuji,Rogue Warriors,Tencent LoL Pro League,2019,Spring,31
ZWuJi,Rogue Warriors,Tencent LoL Pro League,2019,Summer,37
ZWuJi,Rogue Warriors,Tencent LoL Pro League,2020,Spring,40
ZWuJi,Rogue Warriors,Tencent LoL Pro League,2020,Summer,36
ZWuJi,Rogue Warriors,Tencent LoL Pro League,2021,Summer,9
ZYF,Victory Five,Tencent LoL Pro League,2021,Summer,19
Zz1tai,Invictus Gaming,Tencent LoL Pro League,2016,Spring,39
Zz1tai,Invictus Gaming,Tencent LoL Pro League,2016,Summer,36
Zz1tai,Royal Never Give Up,Tencent LoL Pro League,2018,Spring,21
Zz1tai,Royal Never Give Up,Tencent LoL Pro League,2018,Summer,20
Zz1tai,Royal Never Give Up,Tencent LoL Pro League,2019,Spring,7
Zz1tai,Snake Esports,Tencent LoL Pro League,2017,Spring,25
Zz1tai,Snake Esports,Tencent LoL Pro League,2017,Summer,37
Zzitai,Invictus Gaming,Tencent LoL Pro League,2015,Spring,23
Zzitai,Invictus Gaming,Tencent LoL Pro League,2015,Summer,44
ZZR,Snake Esports,Tencent LoL Pro League,2015,Summer,16
Zzr,Snake Esports,Tencent LoL Pro League,2016,Spring,41
Zzr,Snake Esports,Tencent LoL Pro League,2016,Summer,5
Zzr,Snake Esports,Tencent LoL Pro League,2017,Spring,1
Zzus,KT Rolster,LoL Champions Korea,2021,Spring,45
Zzus,KT Rolster,LoL Champions Korea,2021,Summer,18
Zzus,Longzhu Gaming,LoL Champions Korea,2016,Spring,4
